================================================================================
Joern capability probe, query 01 - call-graph reachability - console evidence
harness/artifacts/logs/probe-01-callgraph-unguarded-driver-launch.log
================================================================================

WHAT THIS FILE ESTABLISHES

  The console evidence for probe query one, the call-graph reachability query.
  This is the FOURTH and last of the four heap-bound JVM invocations this run
  records separately - the jimple2cpg frontend build, the importCpg verification
  load, the Stage 3 Joern runner, and this probe - and the only one of the four
  whose subject is a question about Joern rather than a question about Spark.

  It carries, in execution order: the preconditions that had to hold before the
  query was allowed to load the graph, the target surface the query addresses
  measured in the pinned tree rather than assumed, the exact command with its
  JDK major version and the heap it actually received recorded as three separate
  fields, every figure the query reported, the cross-checks against the two
  result files the query wrote, and the terminal transcript verbatim.

  The <nn>-<slug> in this file's name matches the query source exactly:
  queries/joern/01-callgraph-unguarded-driver-launch.sc.

  WHAT THIS FILE IS NOT. It is not a finding, and nothing in it is an assessment
  of Spark, of any Spark component or of any Spark configuration. It judges no
  finding - not real, not important, not a false positive, not a duplicate of
  another tool's - and it makes no comparison between tools. It contributes NO
  row to oss-scan-results/findings.json and writes nothing into
  harness/artifacts/raw/. Joern appears twice in this run by design: once as one
  of the nine scanned runners, and once as the subject of this probe. Nothing
  here is added to, merged with or compared against that runner's output, and no
  figure in this file is arithmetic over the two. Reading the double appearance
  as a duplication would corrupt both counts.

SUBJECT

  Query source             : queries/joern/01-callgraph-unguarded-driver-launch.sc
  Query id (the slug)      : 01-callgraph-unguarded-driver-launch
  Formulation              : bounded call-graph reachability over CALL edges,
                             from the standalone Master's driver-submission
                             handler to the privileged process launch hosted on
                             the DriverRunner surface
  Graph, as the AAP names it: harness/cpg/spark.cpg   (a provisioned symlink)
  Graph, resolved          : /opt/blitzy-harness/cpg/spark.cpg
  Graph identity record    : harness/artifacts/logs/cpg-frontend.log
  Loader                   : importCpg only, into a switched workspace
  Workspace                : queries/joern/.workspace
  Pinned commit            : 59b8a4489c878fa3a9aa6b7fbae760f2fc80eb9d
  Pinned clone (SPARK_SRC) : /opt/spark-src   (read only; never edited, never built by this file)
  Joern                    : 4.0.607, read from the startup banner
  Working checkout         : /tmp/blitzy/blitzy-spark/blitzy-f38258d3-f87d-44f5-bedc-af512c69e0ab-w-036_838df5
                             branch blitzy-f38258d3-f87d-44f5-bedc-af512c69e0ab-w-036
                             NEITHER BUILT NOR SCANNED
  Declared dependencies    : harness/artifacts/logs/cpg-frontend.log
                             harness/cpg/spark.cpg
                             queries/joern/01-callgraph-unguarded-driver-launch.sc
  Consumers of this record : queries/joern/results/01-callgraph-unguarded-driver-launch.json
                             queries/joern/results/01-callgraph-unguarded-driver-launch.md
                             oss-scan-results/joern-probe.md
                             oss-scan-results/run-record.md   (owns this file's manifest entry)

================================================================================
STATUS - READ THIS BEFORE ANY NUMBER BELOW
================================================================================

  The query WAS invoked by this run. Every figure in PHASE 3 and PHASE 4 comes
  from that single invocation: it started at 2026-08-25T09:34:39.945Z, ended at
  2026-08-25T09:46:39.214Z, ran 720 seconds wall, and exited 0. It was invoked
  once. Nothing was re-run with a raised bound to produce a nicer answer, and no
  figure below is copied from an expectation.

  ONE DIVERGENCE, recorded rather than smoothed over. The two result files the
  query writes - the envelope and the prose report under queries/joern/results/
  - were already present on this branch, written by an earlier invocation of the
  same query source in a sibling clone. This invocation rewrote both, which is
  what the query does at its stage K. The outcome was measured rather than
  assumed, and it is the strongest available evidence that this record and those
  files describe ONE measurement:

    - the prose report regenerated BYTE-IDENTICAL
      (sha256 9b4a66c87629b8beb16627bf0439ebb26fce098a35296012c40ea40d0eeedfaa
      before and after);
    - the envelope regenerated identical but for ONE line, its clone-local
      graph.named_path, which names the checkout the invocation ran from and is
      an environment fact rather than a measurement. Both values are recorded in
      PHASE 5 with the full diff, and both names resolve to the same file by
      device and inode as well as by digest.

  Because that single line is the whole of the difference and the file belongs to
  another lane's deliverable set, the committed envelope was restored rather than
  left carrying this clone's path. PHASE 5 states the restoration, quotes the
  diff, and shows that all 44 compared fields agree.

  What remains true and checkable. Every measurement here is taken live, by the
  command shown immediately above it, in this clone. The console stream the
  query itself wrote to this path at the end of its run is preserved verbatim in
  APPENDIX B, and the full terminal transcript - which is a superset of it -
  is preserved verbatim in APPENDIX A. Nothing is summarised away, and no figure
  in PHASE 4 is hand-transcribed: the cross-check table in PHASE 5 was computed
  by parsing the console stream and the envelope and comparing them field by
  field, and its output is the verbatim stdout of that comparison.

================================================================================
HOW TO READ THIS FILE
================================================================================

  Plain text, append-only, in execution order. Every step is a command line
  introduced by '$ ', followed by its captured streams and its exit status:

      [stdout]  ... verbatim; nothing follows the marker when the stream was empty
      [stderr]  ... verbatim; java and the pre-touch proof write here, not to stdout
      [exit]    ... the command's exit status, then the UTC time it started and
                    the seconds it took

  Every table below is the verbatim stdout of the command shown immediately
  above it, so no figure in this file is transcribed from a table into prose.
  Commands that read a file print the fields they read; commands that count
  print the count. Nothing is reflowed or elided.

  The precondition and target-surface commands were run with harness/env.sh
  sourced in a fresh shell from the repository root, which is how every runner in
  this harness is invoked. The invocation itself was run from this clone's own
  scratch directory rather than from the repository, because joern eagerly
  creates an ~800 MB ./workspace in whatever directory it starts from; PHASE 3
  names that directory.

  Elapsed times are facts, not budgets. No time limit applies anywhere in this
  run, and none was imposed on this invocation.

================================================================================
METHOD - THE FOUR PRINCIPLES THIS FILE IS HELD TO
================================================================================

  review_rules returned exactly 'No user rules provided.' for the whole
  document. That is a complete read, corroborated by AAP 0.7 and 0.10.2. NO
  USER-SPECIFIED RULE GOVERNS THIS FILE, and that absence is not read as licence
  to lower the bar; enterprise best practice is substituted, held to the AAP's
  own four principles.

  P1 Verification is independent of the thing verified. The graph's identity is
  recomputed from the bytes on disk before this query loads it - PHASE 1 STEP 2
  measures it with the shell, STEP 3 measures it again with an independent
  reader, and the query measures it a third time inside its own process - rather
  than being inherited from the frontend log or from the earlier stages that
  also loaded this graph. The PHASE 5 cross-check parses the console stream and
  the envelope separately and compares them; it does not read one and assume the
  other.

  P2 Reject rather than infer. Whether the traversal bound was reached is
  reported AS MEASURED, from the walk counters, and not assumed unreached
  because a result came back. It was reached, and that is reported plainly in
  PHASE 4 alongside what the boundary measurements say about why the route count
  is what it is. Where a cross-reference could not be performed - the probe
  report that does not yet exist on this branch - it is named as outstanding
  rather than filled with a plausible value.

  P3 Halt-and-report over silent repair. A graph-identity mismatch halts; the
  comparison is in PHASE 1 and it passed. A wrong JVM major halts; the major is
  measured in PHASE 1 and PHASE 3 and it is 21. A heap below the floor halts;
  the heap the query ACTUALLY received was measured inside the query's own
  process. Nothing was retried with a raised bound: a raised bound is a
  different query and would be reported as one.

  P4 Verbatim preservation. The console output is retained as emitted, complete,
  in APPENDIX A, and the file the query itself wrote at this path is retained
  complete in APPENDIX B, each with its byte size and sha256 so the copy can be
  checked against the source.

================================================================================
VERDICT VOCABULARY
================================================================================

  PASS                : the condition was measured here and it holds.
  RECORDED DIFFERENCE : observed differs from expected; both values are recorded
                        and the run continues.
  OUTSTANDING         : a cross-check that cannot be performed yet because the
                        file that owns the other side does not exist on this
                        branch. Named, never assumed to agree.
  HALT-CLASS FINDING  : a condition AAP 0.9.2 treats as halting. None arose in
                        this invocation; the term is defined so its absence in
                        the pages below is a measurement rather than an omission.

================================================================================
PHASE 1 - THE PRECONDITIONS THAT HAD TO HOLD BEFORE THE QUERY LOADED THE GRAPH
================================================================================

  Six preconditions, each a halt if it fails. The graph must be the graph the
  record describes. The load mechanism must be importCpg, and the alternative
  must not appear even textually in the committed query source. The JVM must
  report major 21. The heap the query actually receives must be at or above the
  64 GiB floor, and the host must be shown to COMMIT that heap rather than
  merely reserve it. Nothing else may hold a 64 GB Joern process at the same
  time. And the setup-time smoke override must be unset.

STEP 1 - The environment the precondition and target-surface commands ran under
  harness/env.sh sourced in a fresh shell from the repository root.
  HARNESS_SMOKE_TARGET must be unset: it redirects every runner at one small
  directory, exists for setup-time verification only, and is never a fallback.

  Two fields in the block below read differently from PHASE 3 and the difference
  is deliberate rather than an inconsistency. BLITZY_CLONE_INDEX is unset here
  and HARNESS_SCRATCH_DIR therefore carries the index-0 default, because none of
  the commands in PHASE 1 or PHASE 2 uses the scratch directory - they read the
  repository, the graph and the pinned clone. The invocation in PHASE 3 does use
  it, and passes the index on its own command line, as the per-clone layout
  requires; PHASE 3 shows that environment separately with the index set to 36.

$ printf "HARNESS_CPG          = %s\nHARNESS_REPO_ROOT    = %s\nHARNESS_LOG_DIR      = %s\nHARNESS_SCRATCH_DIR  = %s\nBLITZY_CLONE_INDEX   = %s\nJAVA_HOME_21         = %s\nJAVA_HOME            = %s\nHARNESS_JOERN_HEAP   = %s\nSL_LOGGING_LEVEL     = %s\nSPARK_SRC            = %s\nHARNESS_SMOKE_TARGET = [%s]\nJAVA_OPTS            = [%s]\nJAVA_TOOL_OPTIONS    = [%s]\n" "$HARNESS_CPG" "$HARNESS_REPO_ROOT" "$HARNESS_LOG_DIR" "$HARNESS_SCRATCH_DIR" "${BLITZY_CLONE_INDEX:-unset}" "$JAVA_HOME_21" "$JAVA_HOME" "$HARNESS_JOERN_HEAP" "$SL_LOGGING_LEVEL" "$SPARK_SRC" "${HARNESS_SMOKE_TARGET-unset}" "${JAVA_OPTS-unset}" "${JAVA_TOOL_OPTIONS-unset}"
[stdout]
HARNESS_CPG          = /tmp/blitzy/blitzy-spark/blitzy-f38258d3-f87d-44f5-bedc-af512c69e0ab-w-036_838df5/harness/cpg/spark.cpg
HARNESS_REPO_ROOT    = /tmp/blitzy/blitzy-spark/blitzy-f38258d3-f87d-44f5-bedc-af512c69e0ab-w-036_838df5
HARNESS_LOG_DIR      = /tmp/blitzy/blitzy-spark/blitzy-f38258d3-f87d-44f5-bedc-af512c69e0ab-w-036_838df5/harness/artifacts/logs
HARNESS_SCRATCH_DIR  = /tmp/blitzy-harness-scratch/0
BLITZY_CLONE_INDEX   = unset
JAVA_HOME_21         = /opt/blitzy-tools/jdk/jdk-21.0.12.1+1
JAVA_HOME            = /opt/blitzy-tools/jdk/jdk-17.0.20+8
HARNESS_JOERN_HEAP   = 64g
SL_LOGGING_LEVEL     = WARN
SPARK_SRC            = /opt/spark-src
HARNESS_SMOKE_TARGET = [unset]
JAVA_OPTS            = [unset]
JAVA_TOOL_OPTIONS    = [unset]
[stderr]
[exit] 0   [at] 2026-08-25T09:33:39.809Z   [elapsed] 0.005s

STEP 2 - The graph's identity, measured with the shell, symlink-FOLLOWING
  harness/cpg/spark.cpg is git-tracked while harness/artifacts/** is ignored,
  which is why the provisioned path is a 33-byte SYMLINK to a host-global graph
  rather than a committed half-gigabyte binary. Measuring the link instead of
  its target records the length of the link's target string and the comparison
  against the write-time record then fails for the wrong reason, so both
  measurements are taken and the wrong one is recorded explicitly to be
  discarded. Both names for the graph are then shown to be ONE FILE by device
  and inode, which is stronger than two digests agreeing.

$ ls -la harness/cpg/spark.cpg
[stdout]
lrwxrwxrwx 1 root root 33 Aug 24 16:13 harness/cpg/spark.cpg -> /opt/blitzy-harness/cpg/spark.cpg
[stderr]
[exit] 0   [at] 2026-08-25T09:33:39.825Z   [elapsed] 0.007s

$ readlink harness/cpg/spark.cpg; readlink -f harness/cpg/spark.cpg
[stdout]
/opt/blitzy-harness/cpg/spark.cpg
/opt/blitzy-harness/cpg/spark.cpg
[stderr]
[exit] 0   [at] 2026-08-25T09:33:39.843Z   [elapsed] 0.008s

$ stat -c "%s bytes  WITHOUT following the link  %n" harness/cpg/spark.cpg
[stdout]
33 bytes  WITHOUT following the link  harness/cpg/spark.cpg
[stderr]
[exit] 0   [at] 2026-08-25T09:33:39.861Z   [elapsed] 0.006s

$ stat -Lc "%s bytes  WITH following the link     %n" harness/cpg/spark.cpg
[stdout]
541255894 bytes  WITH following the link     harness/cpg/spark.cpg
[stderr]
[exit] 0   [at] 2026-08-25T09:33:39.878Z   [elapsed] 0.006s

$ sha256sum "$(readlink -f harness/cpg/spark.cpg)"
[stdout]
26d327ccee096aa4c8d67018b32669f2a318331cf873922286774734177fcffc  /opt/blitzy-harness/cpg/spark.cpg
[stderr]
[exit] 0   [at] 2026-08-25T09:33:39.894Z   [elapsed] 1.274s

$ stat -Lc "%d:%i  %n" harness/cpg/spark.cpg /opt/blitzy-harness/cpg/spark.cpg "$HARNESS_CPG"
[stdout]
1048752:37891488  harness/cpg/spark.cpg
1048752:37891488  /opt/blitzy-harness/cpg/spark.cpg
1048752:37891488  /tmp/blitzy/blitzy-spark/blitzy-f38258d3-f87d-44f5-bedc-af512c69e0ab-w-036_838df5/harness/cpg/spark.cpg
[stderr]
[exit] 0   [at] 2026-08-25T09:33:41.179Z   [elapsed] 0.007s

$ grep -nEi "^[[:space:]]*(bytes|byte size)[[:space:]]*:[[:space:]]*[0-9]+[[:space:]]*$|^[[:space:]]*sha256[[:space:]]*:[[:space:]]*[0-9a-f]{64}[[:space:]]*$" harness/artifacts/logs/cpg-frontend.log
[stdout]
496:bytes: 541255894
497:sha256: 26d327ccee096aa4c8d67018b32669f2a318331cf873922286774734177fcffc
814:  byte size                       : 541255894
815:  sha256                          : 26d327ccee096aa4c8d67018b32669f2a318331cf873922286774734177fcffc
[stderr]
[exit] 0   [at] 2026-08-25T09:33:41.196Z   [elapsed] 0.029s

STEP 3 - The same identity, measured again by an independent reader, and compared
  The comparison the run turns on, made once more by a different tool than the
  one used in STEP 2 and against the pair parsed out of the frontend's own
  record rather than typed in here. The record states its pair twice, in two
  spellings; the reader collects BOTH spellings and requires the distinct set to
  hold exactly one byte size and one sha256, because a record that states two
  identities cannot adjudicate a load. A mismatch halts.

$ python3 - <<PY
import hashlib, os, re, pathlib
named = pathlib.Path(os.environ["HARNESS_CPG"])
resolved = named.resolve()
size_follow = named.stat().st_size
size_nofollow = named.lstat().st_size
h = hashlib.sha256()
with open(resolved, "rb") as f:
    for chunk in iter(lambda: f.read(1 << 20), b""):
        h.update(chunk)
obs = h.hexdigest()
text = pathlib.Path("harness/artifacts/logs/cpg-frontend.log").read_text()
sizes = sorted({m.group(1) for m in re.finditer(r"(?im)^\s*(?:bytes|byte size)\s*:\s*(\d+)\s*$", text)})
shas  = sorted({m.group(1).lower() for m in re.finditer(r"(?im)^\s*sha256\s*:\s*([0-9a-fA-F]{64})\s*$", text)})
print("named path                :", named)
print("resolved path             :", resolved)
print("named path is a symlink   :", named.is_symlink())
print("size WITHOUT following    :", size_nofollow, "(recorded to be discarded)")
print("size WITH following       :", size_follow, "(the measurement of record)")
print("sha256 of the target      :", obs)
print("record byte sizes found   :", ",".join(sizes), "-> distinct", len(sizes))
print("record sha256 values found:", ",".join(shas), "-> distinct", len(shas))
rec_size = int(sizes[0]); rec_sha = shas[0]
print("recorded at write time    : bytes=%d sha256=%s" % (rec_size, rec_sha))
print("byte size matches         :", "YES" if size_follow == rec_size else "NO")
print("sha256 matches            :", "YES" if obs == rec_sha else "NO")
print("verdict                   :", "PASS - identity re-verified" if (size_follow == rec_size and obs == rec_sha) else "HALT - identity mismatch")
PY
[stdout]
named path                : /tmp/blitzy/blitzy-spark/blitzy-f38258d3-f87d-44f5-bedc-af512c69e0ab-w-036_838df5/harness/cpg/spark.cpg
resolved path             : /opt/blitzy-harness/cpg/spark.cpg
named path is a symlink   : True
size WITHOUT following    : 33 (recorded to be discarded)
size WITH following       : 541255894 (the measurement of record)
sha256 of the target      : 26d327ccee096aa4c8d67018b32669f2a318331cf873922286774734177fcffc
record byte sizes found   : 541255894 -> distinct 1
record sha256 values found: 26d327ccee096aa4c8d67018b32669f2a318331cf873922286774734177fcffc -> distinct 1
recorded at write time    : bytes=541255894 sha256=26d327ccee096aa4c8d67018b32669f2a318331cf873922286774734177fcffc
byte size matches         : YES
sha256 matches            : YES
verdict                   : PASS - identity re-verified
[stderr]
[exit] 0   [at] 2026-08-25T09:33:41.236Z   [elapsed] 0.629s

STEP 4 - importCpg only, checked textually as well as behaviourally
  The probe loads with importCpg. The alternative spawns a second JVM at the
  same maximum heap, and the appearance of its name in a committed query source
  IS the violation - which makes this a textual check and not only a
  behavioural one. The grep below covers the whole committed query tree, not
  just this query, and its exit status of 1 is the measurement: no occurrence
  anywhere. The second and third commands then show where this query's load
  actually happens, at line 653, into the workspace switched at line 649.

$ grep -rn "importCode" queries/joern/ ; echo "grep exit=$?  (1 = no occurrence anywhere)"
[stdout]
grep exit=1  (1 = no occurrence anywhere)
[stderr]
[exit] 0   [at] 2026-08-25T09:33:41.876Z   [elapsed] 0.006s

$ grep -c "importCpg" queries/joern/01-callgraph-unguarded-driver-launch.sc
[stdout]
10
[stderr]
[exit] 0   [at] 2026-08-25T09:33:41.892Z   [elapsed] 0.006s

$ grep -n "importCpg\|switchWorkspace" queries/joern/01-callgraph-unguarded-driver-launch.sc
[stdout]
36://   The graph is loaded with importCpg ONLY. The frontend-then-importCpg route
43://   records separately (frontend build, importCpg verification load, Stage 3
358:  "importCpg",
359:  "switchWorkspace")
638:  stage("D-load: switchWorkspace then importCpg")
649:  switchWorkspace(workspaceResolved.toString)
652:  log(s"loading the graph with importCpg: $cpgResolved")
653:  val loaded = importCpg(cpgResolved.toString)
655:    abortRun(s"importCpg returned no graph for $cpgResolved")
1333:      "loader" -> jstr("importCpg into a switched workspace; the frontend-then-importCpg " +
1336:      "heap_bound_jvm_position" -> jstr("4 of 4 (frontend build, importCpg verification " +
1400:  md0(s"| Loader | `importCpg` into a switched workspace (`$WORKSPACE_PATH`) |")
[stderr]
[exit] 0   [at] 2026-08-25T09:33:41.910Z   [elapsed] 0.006s

STEP 5 - The JDK major, and proof that the host COMMITS the heap
  Every Joern invocation runs under major 21, the version the pinned Joern
  release documents as its tested requirement; a wrong major is a wrong
  assignment and halts. The major is read from the JVM's own property rather
  than eyeballed off a banner.

  The heap is then proved committable rather than merely reservable: -Xms64g
  with -Xmx64g and -XX:+AlwaysPreTouch touches every page at startup, so an exit
  status of 0 is proof the host can commit 64 GiB, which is strictly stronger
  than reserving it. The rule is one-way: raising a heap is permitted and
  reported, lowering one is not, because a truncated result's silence cannot be
  told apart from a clean one. No value above 64 GiB was used by this
  invocation, so no further commit proof is owed - PHASE 3 records the value the
  query actually received.

$ "$JAVA_HOME_21/bin/java" -XshowSettings:properties -version 2>&1 | grep -E "java.specification.version|java.vm.version|java.version =" 
[stdout]
    java.specification.version = 21
    java.version = 21.0.12.1
    java.vm.version = 21.0.12.1+1-LTS
[stderr]
[exit] 0   [at] 2026-08-25T09:33:41.926Z   [elapsed] 0.039s

$ JAVA_HOME="$JAVA_HOME_21" PATH="$JAVA_HOME_21/bin:$PATH" java -Xms64g -Xmx64g -XX:+AlwaysPreTouch -version
[stdout]
[stderr]
openjdk version "21.0.12.1" 2026-08-18 LTS
OpenJDK Runtime Environment Temurin-21.0.12.1+1 (build 21.0.12.1+1-LTS)
OpenJDK 64-Bit Server VM Temurin-21.0.12.1+1 (build 21.0.12.1+1-LTS, mixed mode, sharing)
[exit] 0   [at] 2026-08-25T09:33:41.976Z   [elapsed] 13.321s

STEP 6 - The Joern version, read from the banner
  Joern exposes no --version flag and its REPL blocks on an open stdin, so the
  version is read from the startup banner with stdin closed. Note for anyone
  checking APPENDIX A for the same string: the --script path prints no banner at
  all, which is precisely why the version has to be read by this separate
  invocation rather than recovered from the probe's own transcript.

$ printf "" | joern 2>/dev/null | grep -m1 -i version
[stdout]
Version: 4.0.607
[stderr]
[exit] 0   [at] 2026-08-25T09:33:55.308Z   [elapsed] 5.458s

STEP 7 - Sequencing: nothing else was holding a 64 GB Joern process
  The probe follows normalization rather than branching off the graph, so that
  only ONE 64 GB Joern process is ever live: the Stage 3 Joern runner and this
  probe would otherwise contend for the host's entire memory. The evidence is
  the presence of the records those earlier stages own - the Stage 3 runner's
  status file and the normalizer's and adapter-tests' run records - together
  with a live check for a Joern process. Their contents are NOT restated here
  and no figure of theirs enters this file; only their existence is the
  sequencing fact. The listing was taken after the invocation, and its own
  modification times are what carry the ordering: all three records predate the
  09:34:39.945Z start in PHASE 3.

  The first of the two PROCESS checks below is honest about its own defect and
  it is kept rather than quietly replaced: a pgrep pattern of "joern|jimple2cpg" matches the
  evidence collector's own command line, so its exit status of 0 is a SELF-MATCH
  and not a live Joern process. The second check, taken after the invocation
  with an exact process-name match, is the one that measures the condition; the
  four-line ps listing beside it shows the largest processes on the host with no
  JVM among them.

$ ls -la harness/artifacts/logs/joern.status harness/artifacts/logs/normalize-run.json harness/artifacts/logs/adapter-tests-run.json
[stdout]
-rw-r--r-- 1 root root 108278 Aug 25 07:00 harness/artifacts/logs/adapter-tests-run.json
-rw-r--r-- 1 root root  29999 Aug 25 00:42 harness/artifacts/logs/joern.status
-rw-r--r-- 1 root root 813452 Aug 25 04:13 harness/artifacts/logs/normalize-run.json
[stderr]
[exit] 0   [at] 2026-08-25T09:48:50.991Z   [elapsed] 0.007s

$ pgrep -a -f "joern|jimple2cpg" ; echo "pgrep exit=$?  (1 = no Joern process live)"
[stdout]
1113172 bash -c pgrep -a -f "joern|jimple2cpg" ; echo "pgrep exit=$?  (1 = no Joern process live)"
pgrep exit=0  (1 = no Joern process live)
[stderr]
[exit] 0   [at] 2026-08-25T09:34:00.929Z   [elapsed] 0.010s

$ pgrep -a -x java || echo "no process named java is live on this host"; echo "pgrep -x java exit=$?"
[stdout]
no process named java is live on this host
pgrep -x java exit=0
[stderr]
[exit] 0   [at] 2026-08-25T09:49:07.273Z   [elapsed] 0.010s

$ ps -eo pid,rss,etime,comm --sort=-rss | head -4
[stdout]
    PID   RSS     ELAPSED COMMAND
      7 4352776  21:50:30 python
     10 86128    21:50:30 dockerd
     70 46832    21:50:30 containerd
[stderr]
[exit] 0   [at] 2026-08-25T09:49:07.293Z   [elapsed] 0.010s

  PHASE 1 VERDICT - all six preconditions PASS.

    graph identity        PASS  541255894 bytes and sha256 26d327cc...fcffc,
                                measured with symlink-following semantics from
                                /opt/blitzy-harness/cpg/spark.cpg and equal to
                                the pair harness/artifacts/logs/cpg-frontend.log
                                recorded at write time. The 33-byte link-only
                                measurement is recorded and discarded. Both
                                names are one file, device:inode
                                1048752:37891488.
    load mechanism        PASS  importCpg at line 653 of the query source; the
                                alternative has 0 textual occurrences anywhere
                                under queries/joern/.
    JDK major             PASS  java.specification.version = 21, required 21.
                                Build 21.0.12.1+1-LTS, the expected Temurin
                                build, so there is no patch difference to record.
    heap committable      PASS  java -Xms64g -Xmx64g -XX:+AlwaysPreTouch
                                -version exited 0 under the 21 JDK.
    single Joern process  PASS  no process named java was live on this host.
    smoke override        PASS  HARNESS_SMOKE_TARGET unset; JAVA_OPTS unset.

================================================================================
PHASE 2 - THE VERIFIED TARGET SURFACE
================================================================================

  The query's subject, measured in the pinned clone at the pinned commit rather
  than assumed from a description. Every line number below is the output of the
  command printed above it. Line numbers cited from source in this file are
  SOURCE line numbers; the graph's own node line numbers can differ by a line,
  because they come from the bytecode line-number table, and where PHASE 4
  reports one it is labelled a graph line.

  Why the bound is load-bearing rather than decorative, stated before the
  measurements so they can be read against it. The real sink sits behind a
  trait: the launch call site invokes the ABSTRACT ProcessBuilderLike.start
  declared at DriverRunner.scala:270, and java.lang.ProcessBuilder.start is
  reached only through the anonymous implementation at :276. A call-graph query
  therefore has to cross an interface boundary in a graph with well over a
  million methods, and an unbounded sweep of that graph is exactly what the
  bound exists to prevent. The honest answer to "did the traversal reach its
  bound?" is part of the capability finding, not a defect to hide by raising the
  bound and re-running.

$ git -C "$SPARK_SRC" rev-parse HEAD; echo "expected 59b8a4489c878fa3a9aa6b7fbae760f2fc80eb9d"
[stdout]
59b8a4489c878fa3a9aa6b7fbae760f2fc80eb9d
expected 59b8a4489c878fa3a9aa6b7fbae760f2fc80eb9d
[stderr]
[exit] 0   [at] 2026-08-25T09:34:00.778Z   [elapsed] 0.006s

$ cd "$SPARK_SRC" && wc -l core/src/main/scala/org/apache/spark/deploy/master/Master.scala core/src/main/scala/org/apache/spark/deploy/worker/DriverRunner.scala core/src/main/scala/org/apache/spark/SecurityManager.scala
[stdout]
 1436 core/src/main/scala/org/apache/spark/deploy/master/Master.scala
  279 core/src/main/scala/org/apache/spark/deploy/worker/DriverRunner.scala
  457 core/src/main/scala/org/apache/spark/SecurityManager.scala
 2172 total
[stderr]
[exit] 0   [at] 2026-08-25T09:34:00.795Z   [elapsed] 0.007s

$ cd "$SPARK_SRC" && grep -n "override def receiveAndReply\|val driver = createDriver\|val newDriver = createDriver\|private def createDriver" core/src/main/scala/org/apache/spark/deploy/master/Master.scala
[stdout]
409:  override def receiveAndReply(context: RpcCallContext): PartialFunction[Any, Unit] = {
417:        val driver = createDriver(description)
1130:    val newDriver = createDriver(driver.desc)
1356:  private def createDriver(desc: DriverDescription): DriverInfo = {
[stderr]
[exit] 0   [at] 2026-08-25T09:34:00.813Z   [elapsed] 0.007s

$ cd "$SPARK_SRC" && sed -n "409,421p" core/src/main/scala/org/apache/spark/deploy/master/Master.scala
[stdout]
  override def receiveAndReply(context: RpcCallContext): PartialFunction[Any, Unit] = {
    case RequestSubmitDriver(description) =>
      if (state != RecoveryState.ALIVE) {
        val msg = s"${Utils.BACKUP_STANDALONE_MASTER_PREFIX}: $state. " +
          "Can only accept driver submissions in ALIVE state."
        context.reply(SubmitDriverResponse(self, false, None, msg))
      } else {
        logInfo(log"Driver submitted ${MDC(LogKeys.CLASS_NAME, description.command.mainClass)}")
        val driver = createDriver(description)
        persistenceEngine.addDriver(driver)
        waitingDrivers += driver
        drivers.add(driver)
        schedule()
[stderr]
[exit] 0   [at] 2026-08-25T09:34:00.830Z   [elapsed] 0.006s

$ cd "$SPARK_SRC" && grep -n "CommandUtils.buildProcessBuilder\|private def runDriver\|runCommandWithRetry(ProcessBuilderLike\|private\[worker\] def runCommandWithRetry\|command.start()\|trait ProcessBuilderLike\|def start(): Process" core/src/main/scala/org/apache/spark/deploy/worker/DriverRunner.scala
[stdout]
193:    val builder = CommandUtils.buildProcessBuilder(driverDesc.command.copy(javaOpts = javaOpts),
207:  private def runDriver(builder: ProcessBuilder, baseDir: File, supervise: Boolean): Int = {
221:    runCommandWithRetry(ProcessBuilderLike(builder), initialize, supervise)
224:  private[worker] def runCommandWithRetry(
240:        process = Some(command.start())
269:private[deploy] trait ProcessBuilderLike {
270:  def start(): Process
276:    override def start(): Process = processBuilder.start()
[stderr]
[exit] 0   [at] 2026-08-25T09:34:00.846Z   [elapsed] 0.006s

$ cd "$SPARK_SRC" && sed -n "269,277p" core/src/main/scala/org/apache/spark/deploy/worker/DriverRunner.scala
[stdout]
private[deploy] trait ProcessBuilderLike {
  def start(): Process
  def command: Seq[String]
}

private[deploy] object ProcessBuilderLike {
  def apply(processBuilder: ProcessBuilder): ProcessBuilderLike = new ProcessBuilderLike {
    override def start(): Process = processBuilder.start()
    override def command: Seq[String] = processBuilder.command().asScala.toSeq
[stderr]
[exit] 0   [at] 2026-08-25T09:34:00.862Z   [elapsed] 0.005s

$ cd "$SPARK_SRC" && grep -n "private var aclsOn\|def aclsEnabled\|def checkAdminPermissions\|def checkUIViewPermissions\|def checkModifyPermissions\|def isAuthenticationEnabled" core/src/main/scala/org/apache/spark/SecurityManager.scala
[stdout]
59:  private var aclsOn = sparkConf.get(ACLS_ENABLE)
227:  def aclsEnabled(): Boolean = aclsOn
234:  def checkAdminPermissions(user: String): Boolean = {
248:  def checkUIViewPermissions(user: String): Boolean = {
264:  def checkModifyPermissions(user: String): Boolean = {
274:  def isAuthenticationEnabled(): Boolean = authOn
[stderr]
[exit] 0   [at] 2026-08-25T09:34:00.878Z   [elapsed] 0.006s

  PHASE 2 VERDICT - every locator PASS, measured at the pin.

    HEAD                              59b8a4489c878fa3a9aa6b7fbae760f2fc80eb9d
                                      equal to the pin.

    HANDLER, core/src/main/scala/org/apache/spark/deploy/master/Master.scala
      1,436 lines
      :409  override def receiveAndReply(context: RpcCallContext)   the handler
      :410  case RequestSubmitDriver(description) =>
      :411  if (state != RecoveryState.ALIVE)  - a RECOVERY-STATE check. It is
            NOT an authorization or ACL predicate, it is not in the predicate set
            PHASE 4 names, and it is not reported as one.
      :417  val driver = createDriver(description)   inside that handler
      :1130 val newDriver = createDriver(driver.desc)   the second call site
      :1356 private def createDriver(desc: DriverDescription): DriverInfo

    SINK, core/src/main/scala/org/apache/spark/deploy/worker/DriverRunner.scala
      279 lines
      :193  CommandUtils.buildProcessBuilder(...)
      :207  private def runDriver(builder: ProcessBuilder, ...)
      :221  runCommandWithRetry(ProcessBuilderLike(builder), ...)   (def at :224)
      :240  process = Some(command.start())   the actual process launch, the sink
      :269  private[deploy] trait ProcessBuilderLike {
      :270    def start(): Process              ABSTRACT - the interface hop
      :276    override def start(): Process = processBuilder.start()   CONCRETE

    PREDICATES, core/src/main/scala/org/apache/spark/SecurityManager.scala
      457 lines
      :59   private var aclsOn = sparkConf.get(ACLS_ENABLE)   - the accessor pair
            this compiles into is why the bytecode-level selector has to be
            narrowed; PHASE 4 shows all three narrowing steps.
      :227  def aclsEnabled(): Boolean
      :234  def checkAdminPermissions(user: String): Boolean
      :248  def checkUIViewPermissions(user: String): Boolean
      :264  def checkModifyPermissions(user: String): Boolean
      :274  def isAuthenticationEnabled(): Boolean

================================================================================
PHASE 3 - THE INVOCATION: COMMAND, JDK MAJOR AND HEAP, AS THREE SEPARATE FIELDS
================================================================================

  This is the fourth of the four heap-bound JVM invocations, and the AAP
  requires the command, the JDK major version and the heap ACTUALLY USED to be
  recorded separately for each of them rather than summarised in one line. They
  are three fields below, in that order.

  FIELD 1 OF 3 - THE COMMAND, exactly as issued

$ JAVA_HOME="$JAVA_HOME_21" JAVA_TOOL_OPTIONS="-Xmx64g" SL_LOGGING_LEVEL=WARN HARNESS_REPO_ROOT="/tmp/blitzy/blitzy-spark/blitzy-f38258d3-f87d-44f5-bedc-af512c69e0ab-w-036_838df5" joern --script "/tmp/blitzy/blitzy-spark/blitzy-f38258d3-f87d-44f5-bedc-af512c69e0ab-w-036_838df5/queries/joern/01-callgraph-unguarded-driver-launch.sc" -J-Xmx64g < /dev/null

    working directory   : /tmp/blitzy-harness-scratch/36/probe-01/run
    why not the repo    : joern eagerly creates an ~800 MB ./workspace in
                          whatever directory it starts from, so it is started
                          from this clone's private scratch directory. The
                          query's OWN workspace is a different thing and is
                          named in the environment block below.
    launcher            : /opt/blitzy-tools/bin/joern, the provisioning wrapper,
                          which exports JAVA_HOME=$JAVA_HOME_21 before exec. The
                          joern-cli launcher would take whatever java is first on
                          PATH, which on this host is 17.
    stdin               : closed, from /dev/null, because the REPL blocks on an
                          open stdin.
    logging level       : WARN. The default level floods the stream.
    arguments to the .sc: none. Everything the query needs is read from the
                          environment.
    invocations         : one. The query was not run twice, and no bound was
                          raised and re-run.
    started             : 2026-08-25T09:34:39.945Z
    ended               : 2026-08-25T09:46:39.214Z
    exit status         : 0
    elapsed, wall       : 720 s

  WHY -J-Xmx64g IS NOT THE WHOLE STORY, and it is measured rather than assumed.
  joern --script forks a child JVM, and -J-Xmx reaches the LAUNCHER JVM only:
  the child would otherwise run at this host's ergonomic default. JAVA_TOOL_OPTIONS
  is inherited by the child and is the environment override that actually raises
  the heap the query runs at. Both are set above, and the query measures what it
  actually received - FIELD 3 records that measurement rather than the request.
  The two "Picked up JAVA_TOOL_OPTIONS: -Xmx64g" lines in APPENDIX A are the two
  JVMs saying so, one each.

  The environment that invocation ran under, with the clone index passed on its
  own command line as the per-clone layout requires:

  A listing rather than a command block: no exit status was captured for it, and
  inventing one would be a fabricated measurement.

      HARNESS_CPG          = /tmp/blitzy/blitzy-spark/blitzy-f38258d3-f87d-44f5-bedc-af512c69e0ab-w-036_838df5/harness/cpg/spark.cpg
      HARNESS_REPO_ROOT    = /tmp/blitzy/blitzy-spark/blitzy-f38258d3-f87d-44f5-bedc-af512c69e0ab-w-036_838df5
      HARNESS_LOG_DIR      = /tmp/blitzy/blitzy-spark/blitzy-f38258d3-f87d-44f5-bedc-af512c69e0ab-w-036_838df5/harness/artifacts/logs
      HARNESS_SCRATCH_DIR  = /tmp/blitzy-harness-scratch/36
      BLITZY_CLONE_INDEX   = 36
      JAVA_HOME_21         = /opt/blitzy-tools/jdk/jdk-21.0.12.1+1
      HARNESS_JOERN_HEAP   = 64g
      SL_LOGGING_LEVEL     = WARN
      SPARK_SRC            = /opt/spark-src
      HARNESS_SMOKE_TARGET = [unset]
      JAVA_OPTS            = [unset]
      working directory    = /tmp/blitzy-harness-scratch/36/probe-01/run


  FIELD 2 OF 3 - THE JDK MAJOR VERSION

    jdk major, required             : 21
    jdk major, measured in-process  : 21   (java.specification.version, read by
                                      the query itself and printed to its own
                                      console stream - see APPENDIX B line 5)
    jvm version, measured in-process: 21.0.12.1+1-LTS
    JAVA_HOME the wrapper pinned    : /opt/blitzy-tools/jdk/jdk-21.0.12.1+1
    expected build                  : Temurin 21.0.12.1+1
    patch comparison                : matches the expected build, so there is no
                                      patch difference to record
    verdict                         : PASS. A wrong major is a wrong assignment
                                      and halts; this is major 21.

  FIELD 3 OF 3 - THE HEAP ACTUALLY USED

    heap floor (minimum and default): 68719476736 bytes = 64 GiB
    heap ACTUALLY received          : 68719476736 bytes = 64.000 GiB
    how that was established        : Runtime.maxMemory() inside the query's own
                                      process, printed to its console stream -
                                      APPENDIX B lines 6 to 8. Measured, not
                                      requested.
    the JVM's own input arguments   : -Xmx64g   (APPENDIX B line 9)
    mechanism                       : JAVA_TOOL_OPTIONS, inherited by the forked
                                      child; -J-Xmx64g was also passed and
                                      reaches the launcher
    at or above the floor           : yes, exactly at it
    above the floor                 : no, so no additional pre-touch commit
                                      proof is owed. The floor value's own
                                      commit proof is PHASE 1 STEP 5.
    heap lowered                    : no. Lowering is prohibited outright: it
                                      produces a truncated result whose silence
                                      cannot be told apart from a clean one.
    verdict                         : PASS.

  WHERE THE 720 SECONDS WENT, measured by the query's own clocks (APPENDIX B):

    graph identity re-verification  :        724 ms
    importCpg load                  :    682 631 ms
    walk A (follows fan-out)        :        568 ms
    walk B (fan-out recorded)       :         91 ms
    total, in-script                :    685 222 ms
    total, wall                     :    720 000 ms

  The in-script total is smaller than the wall time because the query's clock
  starts after the REPL is up and stops before joern saves and closes the
  project it created; the difference is JVM startup, the child-JVM fork and that
  save. Recorded as a fact. Both traversals together took 659 ms of the 720
  seconds - also a fact, and not a claim that either walk was cheap in any sense
  other than wall time.

================================================================================
PHASE 4 - WHAT THE QUERY REPORTED
================================================================================

  Every figure in this phase is cited to the line of APPENDIX B that carries it,
  and APPENDIX B is the console stream the query itself wrote, verbatim. Nothing
  here is a second measurement of anything: it is the one measurement, indexed.

  4.1 COMPILE STATUS AND RUN STATUS

    compile status : compiled                                  [APPENDIX B:106]
    run status     : completed                                 [APPENDIX B:107]
    exit status    : 0                                         [PHASE 3 FIELD 1]

    The convention behind the compile field, stated so it is not read as a
    self-certification. The field is written BY THE RUNNING SCRIPT, so its
    presence is itself the evidence: a compile failure produces no result region
    and no result files at all, and the compiler's diagnostic lands in the
    console stream instead. The marker protocol makes the distinction visible
    from the outside - a completed run ends ---BLITZY-OK--- (APPENDIX B:122), a
    failed one prints ---BLITZY-FAILURE--- and emits no result region, because a
    partial result region is worse than none: it looks like a completed run.

  4.2 THE GRAPH AS LOADED

    load mechanism : importCpg into the switched workspace     [APPENDIX B:31-34]
    workspace      : queries/joern/.workspace                  [APPENDIX B:32-33]
    methods        : 1 397 339                                 [APPENDIX B:36]
    type decls     : 119 691                                   [APPENDIX B:37]
    files          : 45 037                                    [APPENDIX B:38]

    Methods greater than zero is the load's own pass condition; 1 397 339 is
    that measurement and not a restatement of an earlier stage's count.

  4.3 RETURNED RECORDS, AND DISTINCT ROUTES RATHER THAN SUMMED RETURNS

    returned record count : 4                                  [APPENDIX B:108]
    of which boundary     : 4                                  [APPENDIX B:98]
    of which route        : 0                                  [APPENDIX B:98]
    total-returns cap     : 256, not reached                   [APPENDIX B:98]
    DISTINCT ROUTES       : 0                                  [APPENDIX B:109]

    Distinct routes is 0, and it is a DEDUPLICATED figure rather than a sum. The
    query runs two walks over the same handler/sink pair - one that expands
    dynamic-dispatch fan-out sites and one that records them without expanding -
    and their routes are deduplicated on (entry point, sink host, hop sequence)
    and counted once, never added together [APPENDIX B:70-72]. Here both walks
    returned 0, so the distinction does not change the arithmetic; it is stated
    because a formulation that returned routes on both walks would otherwise be
    double-counted, and the convention has to be the same either way.

    A zero here is the capability finding, reported as measured. It was not
    turned into a non-zero by loosening or removing the bound, and 4.5 records
    what the boundary measurements say about it.

  4.4 THE BOUND, AND WHETHER IT WAS REACHED - REPORTED AS MEASURED

    bound value (MAX_CALL_DEPTH) : 12                          [APPENDIX B:112]
    bound reached                : TRUE                        [APPENDIX B:113]

    "Reported as measured" is the whole point of this row. A result came back and
    the bound was STILL reached; the flag is read off the walk counters rather
    than inferred from the run having completed. Which bound bit, per walk
    [APPENDIX B:70-71]:

      walk A-follows-fan-out   depth_bound_reached=true  max_depth=12
                               expansions 25 009 of 200 000 per entry point
                               call sites considered 33 565
                               fan-out sites seen 86, not followed 0
                               budget_exhausted=false  route_cap_reached=false
                               routes 0
      walk B-fan-out-recorded  depth_bound_reached=true  max_depth=12
                               expansions 5 598 of 200 000 per entry point
                               call sites considered 11 575
                               fan-out sites seen 55, not followed 55
                               budget_exhausted=false  route_cap_reached=false
                               routes 0

    So exactly one of the three bounds bit, in both walks: the depth bound, with
    a frontier still non-empty at depth 12. The expansion budget and the route
    cap were not reached in either walk.

    What a reached depth bound does and does not license anyone to conclude. On
    its own it leaves open whether a deeper walk would have reached a sink host.
    What settles that here is the boundary measurement in 4.5 rather than the
    bound: three of the four hops on this route are not CALL edges at all, and no
    increase in depth introduces an edge that does not exist. The bound is
    therefore reported as reached, and the absence of a route is attributed to
    the measured boundaries. The bound was not raised and the query was not
    re-run - a raised bound is a DIFFERENT query and would be reported as one.

    The other bounds this query carries, all named in its source and none of
    them implicit: MAX_ROUTES 64, MAX_EXPANSIONS_PER_ENTRY 200 000,
    MAX_TOTAL_RETURNS 256, MAX_ENTRY_POINTS 16, MAX_CALL_SCAN 200 000,
    FANOUT_CALLEE_THRESHOLD 32. Every traversal in the query is bounded; none
    runs unbounded.

  4.5 THE FOUR BOUNDARIES, MEASURED AGAINST THE GRAPH

    boundaries measured : 4                                    [APPENDIX B:91]
    NOT crossed by a call edge : B1-rpc, B2-thread, B4-partial-function
                                                               [APPENDIX B:92]

      B1 RPC hop         producer Master.launchDriver, consumer
                         Worker$$anonfun$receive$1.applyOrElse; producer to
                         consumer call edge FALSE                [B:75-77]
      B2 thread hop      1 Thread.start call site, callee
                         DriverRunner$$anon$2.start, body
                         DriverRunner$$anon$2.run; start to run call edge FALSE
                                                                 [B:78-81]
      B3 interface hop   3 callees at the sink call sites, of which 2 concrete
                         and 1 abstract; 1 JDK launch method node present;
                         hop CROSSED, TRUE                       [B:82-86]
      B4 partial-fn hop  source-level handler 1 call site, synthetic entry 131
                         call sites; the route body is reached from the
                         SYNTHETIC name and NOT from the source-level one
                                                                 [B:87-90]

    B4 is the measurement that would have made a naive query silently wrong: a
    selector on the source-level method name traverses from a method holding one
    call site and none of the route. Both were selected, so the difference is
    measured rather than assumed.

  4.6 ENTRY POINTS: TRAVERSED AND TRUNCATED

    synthetic type decls matching the partial-function pattern : 2  [B:40]
    entry points discovered : 2                                     [B:41]
    entry points TRAVERSED  : 2   (cap MAX_ENTRY_POINTS 16)         [B:42, B:114]
    entry points TRUNCATED  : 0                                     [B:43, B:115]

      entry 1  org.apache.spark.deploy.master.Master$$anonfun$receiveAndReply$1
               .applyOrElse:java.lang.Object(java.lang.Object,scala.Function1)
               2 nodes, graph line 409                                [B:44]
      entry 2  org.apache.spark.deploy.master.Master
               .receiveAndReply:scala.PartialFunction(org.apache.spark.rpc.RpcCallContext)
               2 nodes, graph line 408                                [B:45]

    Two nodes per entry point rather than one is the duplicate-class-definition
    effect: the graph carries more than one node for a class where two staged
    archives carried it, so method nodes are grouped by full name and their call
    sites unioned rather than one node being picked. The truncated count is 0
    because 2 discovered is under the cap of 16 - measured, not assumed.

  4.7 THE SINK

    calls named "start" scanned  : 1 232  (cap 200 000, truncated=false)  [B:46]
    launch call sites, any host  : 52                                     [B:47]
    launch call sites, sink host : 2                                      [B:48]

      sink 1  DriverRunner.runCommandWithRetry -> ProcessBuilderLike.start
              graph line 240, dispatch DYNAMIC_DISPATCH                   [B:49]
      sink 2  ProcessBuilderLike$$anon$3.start -> java.lang.ProcessBuilder.start
              graph line 276, dispatch DYNAMIC_DISPATCH                   [B:50]

    Both graph lines correspond to the source locators PHASE 2 measured - :240
    for the launch and :276 for the concrete implementation - and the host-type
    constraint is what stops an unrelated method named "start" anywhere in the
    other 1 230 scanned calls from standing in for the sink.

  4.8 THE PREDICATE SET, AND THE SOURCE TYPES IT CAME FROM

    The predicate set exists for one purpose: it is the whole of the mechanical
    definition of "spurious" in 4.9. Its source is a SINGLE source type,
    org.apache.spark.SecurityManager, in
    core/src/main/scala/org/apache/spark/SecurityManager.scala (457 lines at the
    pin, PHASE 2), and it is exactly these five Boolean methods:

      aclsEnabled()              SecurityManager.scala:227
      checkAdminPermissions      SecurityManager.scala:234
      checkUIViewPermissions     SecurityManager.scala:248
      checkModifyPermissions     SecurityManager.scala:264
      isAuthenticationEnabled()  SecurityManager.scala:274

    Master.scala:411's `if (state != RecoveryState.ALIVE)` is a RECOVERY-STATE
    check and is deliberately NOT in this set.

    How the bytecode-level selector was constrained, all three steps reported so
    the narrowing is auditable rather than asserted. The anchored selector is
    ^(check.*Permissions|acls.*|isAuthenticationEnabled)$ paired with a type
    selector on org.apache.spark.SecurityManager. On BYTECODE that is not enough:
    SecurityManager.scala:59 declares `private var aclsOn`, which Scala compiles
    into accessors, so the graph carries both a getter and a setter whose names
    satisfy the acls.* alternative.

      predicate type nodes                : 2                            [B:53]
      methods on that type                : 252 nodes, 107 distinct names [B:54]
      step 1, broad anchored selector     : aclsEnabled, aclsOn, aclsOn_$eq,
                                            checkAdminPermissions,
                                            checkModifyPermissions,
                                            checkUIViewPermissions,
                                            isAuthenticationEnabled       [B:55]
      step 2, setters excluded by suffix  : aclsOn_$eq                    [B:56]
      step 2, remaining                   : the six above less that setter [B:57]
      step 3, non-predicate residue dropped: aclsOn - a private-var getter,
                                            not one of the five            [B:58]
      final predicate set                 : the five named above           [B:59]
      selector verdict                    : PASS, asserted against the graph
                                            rather than against the source [B:60]

    Where those five are actually CALLED, which is the structural basis for 4.9
    and is measured rather than inferred:

      predicate call sites, graph-wide        : 18, in 18 distinct callers [B:61]
      predicate call sites on the route surface: 0                         [B:62]

    The route surface is the three type prefixes the query names:
    org.apache.spark.deploy.master.Master,
    org.apache.spark.deploy.rest.StandaloneRestServer and
    org.apache.spark.deploy.worker.DriverRunner.

  4.9 WHETHER AN EXPECTED-SPURIOUS ROUTE WAS ABSENT

    THE DEFINITION, narrow and mechanical, and it judges THE QUERY: a route is
    spurious ONLY where the handler does pass an authorization or ACL predicate
    before reaching the sink, the predicate set being exactly the five named
    selectors listed in 4.8 - aclsEnabled, checkAdminPermissions,
    checkModifyPermissions, checkUIViewPermissions and isAuthenticationEnabled -
    on the single source type org.apache.spark.SecurityManager. Nothing else
    makes a route spurious under this definition.

    spurious routes           : 0 of 0                                    [B:94]
    expected-spurious absent  : TRUE                                      [B:95]
    absence basis             : STRUCTURAL                            [B:96, B:111]

    The basis distinction is the finding, not a footnote. "Structural" means no
    call site of any of the five named predicates exists on the route surface at
    all - 0 of the 18 graph-wide call sites are there - so no route COULD have
    passed one. The absence is therefore not evidence that the query filtered
    well: with an emitted set of 0 routes, a spurious count of 0 would have been
    arithmetically unavoidable regardless. Reporting it as "filtering" would have
    credited the query with a discrimination it never had to exercise.

    This is a statement about THIS QUERY'S OWN OUTPUT under THIS QUERY'S OWN
    definition of the term. It is not an assessment of Spark, of any Spark
    component or of any Spark configuration, and nothing here should be read as
    one.

  4.10 DUPLICATE-FORMULATION STATUS, AGAINST EVERY OTHER QUERY

    duplicate formulation : not_duplicate                     [B:116]

    The probe has three queries, so this query is compared against the other
    two, individually:

      against 02-dataflow-unguarded-driver-launch : NOT A DUPLICATE. It is the
        SAME handler/sink pair addressed by a DIFFERENT formulation. This query
        traverses CALL edges only and asserts nothing about data flow. The two
        are two formulations of one question, so their returns are reported side
        by side and NEVER SUMMED. This is a real question rather than a
        formality, precisely because the pair is shared: two queries over one
        pair are the case where a restatement would be easiest to mistake for a
        second, independent result.

      against 03-parameterized-handler-sink-pairs : NOT A DUPLICATE. A different
        target set and a different formulation - that query is parameterized over
        handler/sink pairs and covers a second pair this query does not address,
        the deploy/rest/StandaloneRestServer handler to the deploy/worker/
        DriverRunner sink.

    On what basis, stated plainly. The two other query sources are not present on
    this branch at the time this record is written, so the comparison rests on
    the formulation each query is defined to carry rather than on a diff of two
    files that exist. What IS measured here is this query's own formulation: CALL
    edges only, via NoResolve.getCalledMethodsAsTraversal at each call site, with
    no data-flow step anywhere and no parameterization over pairs.

  4.11 THE THREE EFFORT MEASURES, AS THIS QUERY ANSWERS THEM

    1 query revisions committed : 1. Convention, stated so the number is
      interpretable rather than bare: the number of git commits touching
      queries/joern/01-callgraph-unguarded-driver-launch.sc from its first
      appearance to the end of the probe. This run introduces the file in a
      single commit.
    2 distinct Joern API constructs used : 28                              [B:117]
      An explicitly listed, deduplicated set in the query source, so the count is
      auditable from the list rather than asserted; the count is computed from
      the list and never written down separately.
    3 parameterizability : NOT CLAIMED HERE. It is owned by
      03-parameterized-handler-sink-pairs and passes only if that query actually
      invokes its parameterized form on the named second pair and captures the
      result. A parameter list that merely exists does not satisfy it, and this
      query asserts nothing about it.

  4.12 THE RESULT FILES THE QUERY WROTE

    envelope     : queries/joern/results/01-callgraph-unguarded-driver-launch.json
                   16 281 chars                                          [B:100]
    prose report : queries/joern/results/01-callgraph-unguarded-driver-launch.md
                   287 lines                                              [B:101]

    Both are deterministic by construction: no timestamp, no elapsed time and no
    project name enters them, so an unchanged source over an unchanged graph
    emits the same bytes. Elapsed times live in this console log only. PHASE 5
    tests that determinism rather than restating it.

================================================================================
PHASE 5 - CROSS-CHECKS: ONE MEASUREMENT, CITED SEVERAL TIMES
================================================================================

  A count that appears in two documents must be ONE measurement cited twice,
  never two measurements. This phase is that check for this file against the two
  result files the query wrote and against the documents that consume it.

  5.1 THE STATE OF THE TWO RESULT FILES AFTER THE INVOCATION

    The query rewrites both files at its stage K, and both were already present
    on this branch from an earlier invocation of the same source in a sibling
    clone. What that rewrite produced was measured:

      prose report : regenerated BYTE-IDENTICAL. sha256
                     9b4a66c87629b8beb16627bf0439ebb26fce098a35296012c40ea40d0eeedfaa
                     before and after. 287 lines either way.
      envelope     : one line differs, graph.named_path. Before,
                     sha256 3123ba61ed04da364b12b07578bbd663812cdf9a0d929d171d0907753758947a;
                     regenerated,
                     sha256 de0fd286129351f7be87cc6787a836591cd5600ad8ff6ec14d9922068356e51a.

    The whole of that difference, quoted verbatim below from the diff taken
    before the restoration described further down. The command and its captured
    output:

$ diff -u /tmp/blitzy-harness-scratch/36/probe-01/backup-01.json queries/joern/results/01-callgraph-unguarded-driver-launch.json
[stdout]
--- /tmp/blitzy-harness-scratch/36/probe-01/backup-01.json	2026-08-25 09:33:03.225720375 +0000
+++ queries/joern/results/01-callgraph-unguarded-driver-launch.json	2026-08-25 09:46:12.347240927 +0000
@@ -42,7 +42,7 @@
   "duplicate_class_definitions_unioned": true,
   "graph": {
     "path_source": "HARNESS_CPG",
-    "named_path": "/tmp/blitzy/blitzy-spark/blitzy-f38258d3-f87d-44f5-bedc-af512c69e0ab-w-024_691318/harness/cpg/spark.cpg",
+    "named_path": "/tmp/blitzy/blitzy-spark/blitzy-f38258d3-f87d-44f5-bedc-af512c69e0ab-w-036_838df5/harness/cpg/spark.cpg",
     "resolved_path": "/opt/blitzy-harness/cpg/spark.cpg",
     "named_path_is_symlink": true,
     "byte_size_following_the_link": 541255894,
[stderr]
[exit] 1   [at] not recorded for this command   [elapsed] not recorded

    Two things about that block, said rather than glossed. diff exits 1 when the
    files differ, so 1 is the expected status and not a failure. And no start time
    or elapsed was captured for this particular command, so neither is shown:
    naming the gap is the rule, inventing a plausible timestamp is not. The two
    modification times in the diff header ARE real - 09:33:03 for the copy taken
    before the invocation, 09:46:12 for the file the invocation wrote.

    Both values are recorded, and neither is a measurement of the graph: they are
    the two checkouts the query was invoked from, and both resolve to the SAME
    file - /opt/blitzy-harness/cpg/spark.cpg, device:inode 1048752:37891488,
    sha256 26d327cc...fcffc - as PHASE 1 STEP 2 measured. The envelope agrees on
    resolved_path and on sha256; it differs only on which clone's symlink was
    followed to get there.

    WHAT WAS DONE ABOUT IT, and why. The committed envelope was restored, so this
    record's lane leaves that file exactly as it found it and adds no clone-local
    path to a deliverable it does not own. The restoration is recorded rather than
    silent, the pre-restoration digest is stated above so the regenerated file can
    be reproduced by anyone re-running the command in PHASE 3, and 5.2 shows that
    every MEASURED field agrees regardless.

$ sha256sum queries/joern/results/01-callgraph-unguarded-driver-launch.json queries/joern/results/01-callgraph-unguarded-driver-launch.md
[stdout]
3123ba61ed04da364b12b07578bbd663812cdf9a0d929d171d0907753758947a  queries/joern/results/01-callgraph-unguarded-driver-launch.json
9b4a66c87629b8beb16627bf0439ebb26fce098a35296012c40ea40d0eeedfaa  queries/joern/results/01-callgraph-unguarded-driver-launch.md
[stderr]
[exit] 0   [at] 2026-08-25T09:48:51.210Z   [elapsed] 0.028s

$ python3 -c "
import json,pathlib
p=pathlib.Path(\"queries/joern/results/01-callgraph-unguarded-driver-launch.json\")
d=json.loads(p.read_text())
print(\"envelope on this branch, graph.named_path :\", d[\"graph\"][\"named_path\"])
print(\"envelope on this branch, graph.resolved_path:\", d[\"graph\"][\"resolved_path\"])
print(\"envelope on this branch, graph.sha256      :\", d[\"graph\"][\"sha256\"])
"
[stdout]
envelope on this branch, graph.named_path : /tmp/blitzy/blitzy-spark/blitzy-f38258d3-f87d-44f5-bedc-af512c69e0ab-w-024_691318/harness/cpg/spark.cpg
envelope on this branch, graph.resolved_path: /opt/blitzy-harness/cpg/spark.cpg
envelope on this branch, graph.sha256      : 26d327ccee096aa4c8d67018b32669f2a318331cf873922286774734177fcffc
[stderr]
[exit] 0   [at] 2026-08-25T09:48:51.248Z   [elapsed] 0.028s

  5.2 FIELD-BY-FIELD AGREEMENT BETWEEN THIS RECORD AND THE ENVELOPE

    Computed, not asserted. The comparison below parses the console stream this
    invocation produced and the envelope on this branch as two independent
    inputs and compares them field by field; the table is the verbatim stdout of
    that comparison. Booleans are normalised to true/false and lists to a
    comma-joined string so that a difference in formatting cannot be mistaken for
    a difference in value.

    One field is deliberately NOT among the 44: graph.named_path. 5.1 records it
    on its own with both values, because it is the one field in the envelope that
    is an environment fact rather than a measurement, and folding it into an
    agreement count would either hide the difference or manufacture one.

  field                                 this run's console   the envelope      agree
  -----------------------------------   ------------------   ---------------   -----
  compile_status                        compiled             compiled          yes
  run_status                            completed            completed         yes
  returned_record_count                 4                    4                 yes
  returned kinds: boundary              4                    4                 yes
  returned kinds: route                 0                    0                 yes
  distinct_routes                       0                    0                 yes
  spurious_count                        0                    0                 yes
  expected_spurious_absent              true                 true              yes
  expected_spurious basis               structural           structural        yes
  bound_value                           12                   12                yes
  bound_reached                         true                 true              yes
  entry_points_discovered               2                    2                 yes
  entry_points_traversed                2                    2                 yes
  entry_points_truncated                0                    0                 yes
  duplicate_formulation                 not_duplicate        not_duplicate     yes
  joern_api_constructs                  28                   28                yes
  graph bytes (following)               541255894            541255894         yes
  graph bytes (link only)               33                   33                yes
  graph methods                         1397339              1397339           yes
  graph typeDecls                       119691               119691            yes
  graph files                           45037                45037             yes
  jdk major                             21                   21                yes
  jvm version                           21.0.12.1+1-LTS      21.0.12.1+1-LTS   yes
  heap actually used (bytes)            68719476736          68719476736       yes
  heap floor (bytes)                    68719476736          68719476736       yes
  walk A expansions                     25009                25009             yes
  walk A call sites                     33565                33565             yes
  walk A fan-out seen                   86                   86                yes
  walk A fan-out not followed           0                    0                 yes
  walk A max depth                      12                   12                yes
  walk A depth bound reached            true                 true              yes
  walk A routes                         0                    0                 yes
  walk B expansions                     5598                 5598              yes
  walk B call sites                     11575                11575             yes
  walk B fan-out seen                   55                   55                yes
  walk B fan-out not followed           55                   55                yes
  walk B max depth                      12                   12                yes
  walk B depth bound reached            true                 true              yes
  walk B routes                         0                    0                 yes
  predicate call sites, graph-wide      18                   18                yes
  predicate call sites, route surface   0                    0                 yes

  The three fields whose values are too long for that table, compared the same way:

    boundaries_not_crossed
      this run's console : B1-rpc, B2-thread, B4-partial-function
      the envelope       : B1-rpc, B2-thread, B4-partial-function
      agree              : yes

    graph sha256
      this run's console : 26d327ccee096aa4c8d67018b32669f2a318331cf873922286774734177fcffc
      the envelope       : 26d327ccee096aa4c8d67018b32669f2a318331cf873922286774734177fcffc
      agree              : yes

    predicate final set
      this run's console : aclsEnabled, checkAdminPermissions, checkModifyPermissions, checkUIViewPermissions, isAuthenticationEnabled
      the envelope       : aclsEnabled, checkAdminPermissions, checkModifyPermissions, checkUIViewPermissions, isAuthenticationEnabled
      agree              : yes

  fields compared : 44
  fields agreeing : 44
  fields differing: 0

    VERDICT - 44 of 44 fields agree, 0 differ. This record and the envelope
    describe one measurement.

    Note what the agreement is evidence OF, stated precisely. The envelope on
    this branch was written by an earlier invocation in another clone; this
    invocation re-derived every one of those 44 values, including the two
    traversals' expansion, call-site and fan-out counters, over the same graph
    with the same source. That is a stronger statement than internal consistency:
    it is reproducibility across clones.

  5.3 THE PROSE REPORT

    Nothing needs field-by-field comparison here: the file regenerated byte for
    byte identical, which is agreement on every figure it carries at once. It is
    also the determinism claim in 4.12 tested rather than restated.

  5.4 THE DOCUMENT THAT DOES NOT EXIST YET - NAMED, NOT ASSUMED

    oss-scan-results/joern-probe.md is the probe's report and owns this query's
    entry; this record is required to agree with it. That file is NOT present on
    this branch at the time this record is written, so the check CANNOT be
    performed and is recorded as OUTSTANDING rather than as agreement. Claiming
    an equality that was not observed would be exactly the fabricated measurement
    this record exists to avoid. The values it must carry for this query are the
    ones in PHASE 4, each cited to its APPENDIX B line, so the check is a
    mechanical one whenever that file appears.

    Likewise queries/joern/02-*.sc and queries/joern/03-*.sc, and their result
    files and console logs, are not present on this branch. 4.10 states the
    duplicate-formulation status against both and states the basis it rests on.

  5.5 SEPARATION FROM THE STAGE 3 JOERN RUNNER

    Joern's double appearance in this run is by design: it is one of the nine
    scanned runners and it is the subject of this probe. This record combines
    nothing across the two.

      this probe writes             : queries/joern/results/01-*.json and .md,
                                      and this console log
      this probe does NOT write     : anything under harness/artifacts/raw/
      dataset rows contributed here : 0
      arithmetic joining the two    : none. No figure in this file is a sum,
                                      difference or ratio involving the runner's
                                      output, and the runner's own figures are
                                      not restated here at all - PHASE 1 STEP 7
                                      uses only the EXISTENCE of its status file,
                                      as a sequencing fact.

    Reading the double appearance as a duplication would corrupt both counts: the
    runner's findings belong to the dataset and this probe's records belong to the
    capability question, and nothing crosses between them.

================================================================================
PHASE 6 - THIS FILE, AND WHERE ITS OWN IDENTITY IS RECORDED
================================================================================

  6.1 THE TWO WRITES TO THIS PATH, both preserved

    The query resolves this path itself, before any check that can stop the run,
    so that a failure leaves its console record on disk rather than only on a
    terminal: harness/artifacts/logs/probe-<query id>.log, printed at
    [APPENDIX B:4]. At the end of a successful run it writes its accumulated
    console lines there. That file - 122 lines, 9 860 bytes, sha256
    7ec8d6401217d52da68c680b907ac9a970fa0138053aa87226c5724fcb8a74d1 - was
    captured before this record was assembled and is reproduced COMPLETE and
    VERBATIM in APPENDIX B. This record then supersedes it at the same path,
    carrying it inside itself along with the full terminal transcript, of which
    it is a subset.

    Nothing is lost by that: APPENDIX A is the terminal transcript, which is a
    superset of APPENDIX B, and each appendix states its own byte size and sha256
    so either copy can be checked against the source in this clone's scratch
    directory.

  6.2 THIS FILE'S BYTE SIZE AND SHA256

    Owned by oss-scan-results/run-record.md, which holds the manifest of both
    artifact trees with a byte size and a sha256 per file, this one included.
    They are deliberately NOT written here: a digest of a file cannot appear
    inside that file, since writing it changes the bytes it describes. The
    manifest owner measures this file after it is closed, which is why the
    measurement lives there and is referenced from here.

    Both artifact trees are excluded from git's ordinary collection by
    .gitignore:31 (artifacts/), which is why publication is by that manifest and
    why this file is added explicitly rather than picked up by a plain add.

  6.3 THE SCRATCH THIS INVOCATION LEFT BEHIND, and why it stays

    The probe's workspace is queries/joern/.workspace, the query's own and never
    a shared or default one: joern writes a project tree there including a
    working copy of the graph, and two Joern processes sharing one workspace
    corrupt each other. It carries its own .gitignore of '*' plus '!.gitignore',
    which keeps the scratch out of the commit without editing upstream Spark's
    .gitignore - and the check-ignore output below is that working, measured
    rather than assumed. Nothing is torn down, purged or reset: no cleanup, no
    temp purging, and what the run built stays where it is.

$ du -sh queries/joern/.workspace 2>/dev/null; find queries/joern/.workspace -maxdepth 2 | head -12
[stdout]
2.9G	queries/joern/.workspace
queries/joern/.workspace
queries/joern/.workspace/.gitignore
queries/joern/.workspace/spark.cpg
queries/joern/.workspace/spark.cpg/cpg.bin
queries/joern/.workspace/spark.cpg/overlays
queries/joern/.workspace/spark.cpg/project.json
queries/joern/.workspace/spark.cpg/cpg.bin.tmp
[stderr]
[exit] 0   [at] 2026-08-25T09:48:51.038Z   [elapsed] 0.010s

$ cat queries/joern/.workspace/.gitignore; git check-ignore -v queries/joern/.workspace/spark.cpg 2>&1 | head -2
[stdout]
*
!.gitignore
queries/joern/.workspace/.gitignore:1:*	queries/joern/.workspace/spark.cpg
[stderr]
[exit] 0   [at] 2026-08-25T09:48:51.058Z   [elapsed] 0.014s

$ git status --porcelain; echo "git status exit=$?  (an empty listing above means no tracked file was left modified)"
[stdout]
git status exit=0  (an empty listing above means no tracked file was left modified)
[stderr]
[exit] 0   [at] 2026-08-25T09:48:51.083Z   [elapsed] 0.116s

================================================================================
APPENDIX A - THE TERMINAL TRANSCRIPT OF THE INVOCATION, VERBATIM
================================================================================

  The complete captured streams of the single command in PHASE 3 FIELD 1,
  unedited: stdout first, then stderr. Nothing is reflowed, sorted or elided, and
  the overlay warnings joern emits while adding its default overlays are left
  exactly where they fell.

  stdout : 248 lines, 24 181 bytes,
           sha256 b73aefc31009a42a7376d8f115ce533f0a081c2d151b1ff550cc7acf741997e5
  stderr :  11 lines,    908 bytes,
           sha256 7de6e0e58101d8e957abffc8605bdc610d3564c131cc1319cf32a9a4a06a2da1

  Two features of these streams are worth naming so they are not read as faults.
  The --script path prints NO startup banner, which is why PHASE 1 STEP 6 reads
  the Joern version by a separate invocation. And "Picked up JAVA_TOOL_OPTIONS:
  -Xmx64g" appears TWICE because two JVMs report it, the launcher and the child
  the launcher forks - which is the same fact PHASE 3 FIELD 3 records as the
  reason that variable, rather than -J-Xmx, is what sets the heap the query runs
  at.

--------------------------------------------------------------------------------
A.1 - stdout, verbatim
--------------------------------------------------------------------------------
---BLITZY-START---
[stage] A-paths-and-runtime: repository root, console log target, JDK major and the heap ACTUALLY used
repository root           : /tmp/blitzy/blitzy-spark/blitzy-f38258d3-f87d-44f5-bedc-af512c69e0ab-w-036_838df5 (from HARNESS_REPO_ROOT)
console log target        : /tmp/blitzy/blitzy-spark/blitzy-f38258d3-f87d-44f5-bedc-af512c69e0ab-w-036_838df5/harness/artifacts/logs/probe-01-callgraph-unguarded-driver-launch.log
jdk.specification.version : 21 (required major 21)
java.vm.version           : 21.0.12.1+1-LTS
heap actually used (bytes): 68719476736
heap actually used (GiB)  : 64.000
heap floor (bytes)        : 68719476736
script JVM input args     : -Xmx64g
Joern exposes no --version flag and its REPL blocks on an open stdin, so its
version is read from the startup banner on the console stream, not from a flag.
heap floor                : PASS (measured, not requested)
[stage] B-graph-path: the two names for the graph
graph path source         : HARNESS_CPG
graph path (as used)      : /tmp/blitzy/blitzy-spark/blitzy-f38258d3-f87d-44f5-bedc-af512c69e0ab-w-036_838df5/harness/cpg/spark.cpg
graph path (AAP name)     : /tmp/blitzy/blitzy-spark/blitzy-f38258d3-f87d-44f5-bedc-af512c69e0ab-w-036_838df5/harness/cpg/spark.cpg
[stage] C-identity: the graph's byte size and sha256, symlink-FOLLOWING
named path is a symlink   : true -> /opt/blitzy-harness/cpg/spark.cpg
resolved target           : /opt/blitzy-harness/cpg/spark.cpg
size WITHOUT following    : 33  (recorded to be discarded)
size WITH following       : 541255894  (the measurement of record)
sha256 of the target      : 26d327ccee096aa4c8d67018b32669f2a318331cf873922286774734177fcffc
recorded at write time    : bytes=541255894 sha256=26d327ccee096aa4c8d67018b32669f2a318331cf873922286774734177fcffc
recorded in               : harness/artifacts/logs/cpg-frontend.log
byte size matches         : YES
sha256 matches            : YES
AAP-named path            : same file (equal resolved target)
identity check elapsed_ms : 724
graph identity            : PASS - re-verified immediately before the load
[stage] D-load: switchWorkspace then importCpg
workspace (AAP name)      : queries/joern/.workspace
workspace (resolved)      : /tmp/blitzy/blitzy-spark/blitzy-f38258d3-f87d-44f5-bedc-af512c69e0ab-w-036_838df5/queries/joern/.workspace
loading the graph with importCpg: /opt/blitzy-harness/cpg/spark.cpg
[WARN ] Found CDG edge starting at RETURN node io.shiftleft.codepropertygraph.generated.nodes.Return[label=RETURN; seq=983973; id=141734904741] -> io.shiftleft.codepropertygraph.generated.nodes.Call[label=CALL; seq=8136657; id=30072907729].
This is most likely caused by an invalid CFG in method org.apache.spark.sql.connect.client.GrpcExceptionConverter.fetchEnrichedError:scala.Option(org.sparkproject.connect.google_protos.rpc.ErrorInfo,java.lang.String,org.apache.spark.connect.proto.UserContext,java.lang.String).
Number of outgoing CFG edges from RETURN node: 2
[WARN ] Found CDG edge starting at RETURN node io.shiftleft.codepropertygraph.generated.nodes.Return[label=RETURN; seq=983973; id=141734904741] -> io.shiftleft.codepropertygraph.generated.nodes.Call[label=CALL; seq=8136656; id=30072907728].
This is most likely caused by an invalid CFG in method org.apache.spark.sql.connect.client.GrpcExceptionConverter.fetchEnrichedError:scala.Option(org.sparkproject.connect.google_protos.rpc.ErrorInfo,java.lang.String,org.apache.spark.connect.proto.UserContext,java.lang.String).
Number of outgoing CFG edges from RETURN node: 2
[WARN ] Found CDG edge starting at RETURN node io.shiftleft.codepropertygraph.generated.nodes.Return[label=RETURN; seq=983973; id=141734904741] -> io.shiftleft.codepropertygraph.generated.nodes.Call[label=CALL; seq=8136655; id=30072907727].
This is most likely caused by an invalid CFG in method org.apache.spark.sql.connect.client.GrpcExceptionConverter.fetchEnrichedError:scala.Option(org.sparkproject.connect.google_protos.rpc.ErrorInfo,java.lang.String,org.apache.spark.connect.proto.UserContext,java.lang.String).
Number of outgoing CFG edges from RETURN node: 2
[WARN ] Found CDG edge starting at RETURN node io.shiftleft.codepropertygraph.generated.nodes.Return[label=RETURN; seq=983973; id=141734904741] -> io.shiftleft.codepropertygraph.generated.nodes.Call[label=CALL; seq=8136654; id=30072907726].
This is most likely caused by an invalid CFG in method org.apache.spark.sql.connect.client.GrpcExceptionConverter.fetchEnrichedError:scala.Option(org.sparkproject.connect.google_protos.rpc.ErrorInfo,java.lang.String,org.apache.spark.connect.proto.UserContext,java.lang.String).
Number of outgoing CFG edges from RETURN node: 2
[WARN ] Found CDG edge starting at RETURN node io.shiftleft.codepropertygraph.generated.nodes.Return[label=RETURN; seq=983973; id=141734904741] -> io.shiftleft.codepropertygraph.generated.nodes.Call[label=CALL; seq=8136653; id=30072907725].
This is most likely caused by an invalid CFG in method org.apache.spark.sql.connect.client.GrpcExceptionConverter.fetchEnrichedError:scala.Option(org.sparkproject.connect.google_protos.rpc.ErrorInfo,java.lang.String,org.apache.spark.connect.proto.UserContext,java.lang.String).
Number of outgoing CFG edges from RETURN node: 2
[WARN ] Found CDG edge starting at RETURN node io.shiftleft.codepropertygraph.generated.nodes.Return[label=RETURN; seq=983973; id=141734904741] -> io.shiftleft.codepropertygraph.generated.nodes.Call[label=CALL; seq=8136652; id=30072907724].
This is most likely caused by an invalid CFG in method org.apache.spark.sql.connect.client.GrpcExceptionConverter.fetchEnrichedError:scala.Option(org.sparkproject.connect.google_protos.rpc.ErrorInfo,java.lang.String,org.apache.spark.connect.proto.UserContext,java.lang.String).
Number of outgoing CFG edges from RETURN node: 2
[WARN ] Found CDG edge starting at RETURN node io.shiftleft.codepropertygraph.generated.nodes.Return[label=RETURN; seq=983973; id=141734904741] -> io.shiftleft.codepropertygraph.generated.nodes.Identifier[label=IDENTIFIER; seq=10018824; id=68729495560].
This is most likely caused by an invalid CFG in method org.apache.spark.sql.connect.client.GrpcExceptionConverter.fetchEnrichedError:scala.Option(org.sparkproject.connect.google_protos.rpc.ErrorInfo,java.lang.String,org.apache.spark.connect.proto.UserContext,java.lang.String).
Number of outgoing CFG edges from RETURN node: 2
[WARN ] Found CDG edge starting at RETURN node io.shiftleft.codepropertygraph.generated.nodes.Return[label=RETURN; seq=983973; id=141734904741] -> io.shiftleft.codepropertygraph.generated.nodes.Identifier[label=IDENTIFIER; seq=10018823; id=68729495559].
This is most likely caused by an invalid CFG in method org.apache.spark.sql.connect.client.GrpcExceptionConverter.fetchEnrichedError:scala.Option(org.sparkproject.connect.google_protos.rpc.ErrorInfo,java.lang.String,org.apache.spark.connect.proto.UserContext,java.lang.String).
Number of outgoing CFG edges from RETURN node: 2
[WARN ] Found CDG edge starting at RETURN node io.shiftleft.codepropertygraph.generated.nodes.Return[label=RETURN; seq=983973; id=141734904741] -> io.shiftleft.codepropertygraph.generated.nodes.Identifier[label=IDENTIFIER; seq=10018822; id=68729495558].
This is most likely caused by an invalid CFG in method org.apache.spark.sql.connect.client.GrpcExceptionConverter.fetchEnrichedError:scala.Option(org.sparkproject.connect.google_protos.rpc.ErrorInfo,java.lang.String,org.apache.spark.connect.proto.UserContext,java.lang.String).
Number of outgoing CFG edges from RETURN node: 2
[WARN ] org.apache.spark.sql.catalyst.analysis.ResolveSessionCatalog$$anonfun$apply$1.applyOrElse:java.lang.Object(org.apache.spark.sql.catalyst.plans.logical.LogicalPlan,scala.Function1) has more than 4000 definitions
[WARN ] Skipping.
[WARN ] org.apache.spark.internal.LogKeys.$values:org.apache.spark.internal.LogKeys[]() has more than 4000 definitions
[WARN ] Skipping.
[WARN ] org.apache.spark.internal.LogKeys.<clinit>:void() has more than 4000 definitions
[WARN ] Skipping.
[WARN ] org.apache.spark.sql.catalyst.parser.SqlBaseParser.statement:org.apache.spark.sql.catalyst.parser.SqlBaseParser$StatementContext() has more than 4000 definitions
[WARN ] Skipping.
[WARN ] org.apache.spark.sql.catalyst.expressions.ScalaUDF.<init>:void(java.lang.Object,org.apache.spark.sql.types.DataType,scala.collection.immutable.Seq,scala.collection.immutable.Seq,scala.Option,scala.Option,boolean,boolean) has more than 4000 definitions
[WARN ] Skipping.
[WARN ] org.apache.spark.streaming.ui.StreamingPage.generateStatTable:scala.collection.immutable.Seq(jakarta.servlet.http.HttpServletRequest) has more than 4000 definitions
[WARN ] Skipping.
[WARN ] org.apache.spark.sql.catalyst.optimizer.DecorrelateInnerQuery$.decorrelate$1:scala.Tuple3(org.apache.spark.sql.catalyst.plans.logical.LogicalPlan,org.apache.spark.sql.catalyst.expressions.AttributeSet,boolean,boolean,boolean) has more than 4000 definitions
[WARN ] Skipping.
[WARN ] org.apache.spark.sql.catalyst.parser.SqlBaseParser.statement:org.apache.spark.sql.catalyst.parser.SqlBaseParser$StatementContext() has more than 4000 definitions
[WARN ] Skipping.
[WARN ] org.apache.spark.streaming.ui.StreamingPage.generateStatTable:scala.collection.immutable.Seq(jakarta.servlet.http.HttpServletRequest) has more than 4000 definitions
[WARN ] Skipping.
[WARN ] org.apache.spark.sql.catalyst.util.HyperLogLogPlusPlusHelper$.<clinit>:void() has more than 4000 definitions
[WARN ] Skipping.
[WARN ] org.apache.spark.sql.catalyst.parser.SqlBaseParser.statement:org.apache.spark.sql.catalyst.parser.SqlBaseParser$StatementContext() has more than 4000 definitions
[WARN ] Skipping.
[WARN ] org.apache.spark.internal.config.package$.<clinit>:void() has more than 4000 definitions
[WARN ] Skipping.
[WARN ] org.apache.spark.ui.jobs.JobPage.render:scala.collection.immutable.Seq(jakarta.servlet.http.HttpServletRequest) has more than 4000 definitions
[WARN ] Skipping.
[WARN ] org.apache.spark.sql.catalyst.util.HyperLogLogPlusPlusHelper$.<clinit>:void() has more than 4000 definitions
[WARN ] Skipping.
[WARN ] org.apache.spark.ui.env.EnvironmentPage.render:scala.collection.immutable.Seq(jakarta.servlet.http.HttpServletRequest) has more than 4000 definitions
[WARN ] Skipping.
[WARN ] org.apache.spark.deploy.SparkSubmit.prepareSubmitEnvironment:scala.Tuple4(org.apache.spark.deploy.SparkSubmitArguments,scala.Option) has more than 4000 definitions
[WARN ] Skipping.
[WARN ] org.apache.spark.sql.internal.SQLConf$.<clinit>:void() has more than 4000 definitions
[WARN ] Skipping.
[WARN ] org.apache.spark.internal.LogKeys.$values:org.apache.spark.internal.LogKeys[]() has more than 4000 definitions
[WARN ] Skipping.
[WARN ] org.apache.spark.deploy.master.ui.ApplicationPage.render:scala.collection.immutable.Seq(jakarta.servlet.http.HttpServletRequest) has more than 4000 definitions
[WARN ] Skipping.
[WARN ] org.apache.spark.deploy.master.ui.EnvironmentPage.render:scala.collection.immutable.Seq(jakarta.servlet.http.HttpServletRequest) has more than 4000 definitions
[WARN ] Skipping.
[WARN ] org.apache.spark.deploy.master.ui.MasterPage.render:scala.collection.immutable.Seq(jakarta.servlet.http.HttpServletRequest) has more than 4000 definitions
[WARN ] Skipping.
[WARN ] org.apache.spark.internal.LogKeys.<clinit>:void() has more than 4000 definitions
[WARN ] Skipping.
[WARN ] org.apache.spark.sql.streaming.ui.StreamingQueryStatisticsPage.generateStatTable:scala.collection.immutable.Seq(org.apache.spark.sql.streaming.ui.StreamingQueryUIData,jakarta.servlet.http.HttpServletRequest) has more than 4000 definitions
[WARN ] Skipping.
[WARN ] org.apache.spark.sql.execution.datasources.v2.DataSourceV2Strategy.apply:scala.collection.immutable.Seq(org.apache.spark.sql.catalyst.plans.logical.LogicalPlan) has more than 4000 definitions
[WARN ] Skipping.
[WARN ] org.apache.spark.sql.catalyst.analysis.FunctionRegistry$.<clinit>:void() has more than 4000 definitions
[WARN ] Skipping.
[WARN ] org.apache.spark.sql.catalyst.analysis.CheckAnalysis.$anonfun$checkAnalysis0$2:void(org.apache.spark.sql.catalyst.analysis.CheckAnalysis,org.apache.spark.sql.catalyst.plans.logical.LogicalPlan,org.apache.spark.sql.catalyst.plans.logical.LogicalPlan) has more than 4000 definitions
[WARN ] Skipping.
[WARN ] org.apache.spark.sql.execution.SparkStrategies$BasicOperators$.apply:scala.collection.immutable.Seq(org.apache.spark.sql.catalyst.plans.logical.LogicalPlan) has more than 4000 definitions
[WARN ] Skipping.
[WARN ] org.apache.spark.sql.execution.SparkStrategies$BasicOperators$.apply:scala.collection.immutable.Seq(org.apache.spark.sql.catalyst.plans.logical.LogicalPlan) has more than 4000 definitions
[WARN ] Skipping.
[WARN ] org.apache.spark.sql.catalyst.analysis.ResolveSessionCatalog$$anonfun$apply$1.applyOrElse:java.lang.Object(org.apache.spark.sql.catalyst.plans.logical.LogicalPlan,scala.Function1) has more than 4000 definitions
[WARN ] Skipping.
[WARN ] org.apache.spark.sql.catalyst.expressions.ScalaUDF.<init>:void(java.lang.Object,org.apache.spark.sql.types.DataType,scala.collection.immutable.Seq,scala.collection.immutable.Seq,scala.Option,scala.Option,boolean,boolean) has more than 4000 definitions
[WARN ] Skipping.
[WARN ] org.sparkproject.io.netty.handler.codec.http2.HpackHuffmanDecoder.<clinit>:void() has more than 4000 definitions
[WARN ] Skipping.
[WARN ] org.apache.spark.sql.internal.SQLConf$.<clinit>:void() has more than 4000 definitions
[WARN ] Skipping.
[WARN ] org.sparkproject.io.netty.handler.codec.http3.QpackHuffmanDecoder.<clinit>:void() has more than 4000 definitions
[WARN ] Skipping.
[WARN ] org.apache.spark.sql.catalyst.optimizer.DecorrelateInnerQuery$.decorrelate$1:scala.Tuple3(org.apache.spark.sql.catalyst.plans.logical.LogicalPlan,org.apache.spark.sql.catalyst.expressions.AttributeSet,boolean,boolean,boolean) has more than 4000 definitions
[WARN ] Skipping.
[WARN ] org.apache.spark.sql.catalyst.analysis.FunctionRegistry$.<clinit>:void() has more than 4000 definitions
[WARN ] Skipping.
[WARN ] org.apache.spark.sql.catalyst.analysis.CheckAnalysis.$anonfun$checkAnalysis0$2:void(org.apache.spark.sql.catalyst.analysis.CheckAnalysis,org.apache.spark.sql.catalyst.plans.logical.LogicalPlan,org.apache.spark.sql.catalyst.plans.logical.LogicalPlan) has more than 4000 definitions
[WARN ] Skipping.
[WARN ] org.apache.spark.sql.streaming.ui.StreamingQueryStatisticsPage.generateStatTable:scala.collection.immutable.Seq(org.apache.spark.sql.streaming.ui.StreamingQueryUIData,jakarta.servlet.http.HttpServletRequest) has more than 4000 definitions
[WARN ] Skipping.
[WARN ] org.apache.spark.sql.execution.datasources.v2.DataSourceV2Strategy.apply:scala.collection.immutable.Seq(org.apache.spark.sql.catalyst.plans.logical.LogicalPlan) has more than 4000 definitions
[WARN ] Skipping.
[WARN ] org.apache.spark.internal.LogKeys.$values:org.apache.spark.internal.LogKeys[]() has more than 4000 definitions
[WARN ] Skipping.
[WARN ] org.apache.spark.ui.jobs.JobPage.render:scala.collection.immutable.Seq(jakarta.servlet.http.HttpServletRequest) has more than 4000 definitions
[WARN ] Skipping.
[WARN ] org.apache.spark.ui.env.EnvironmentPage.render:scala.collection.immutable.Seq(jakarta.servlet.http.HttpServletRequest) has more than 4000 definitions
[WARN ] Skipping.
[WARN ] org.apache.spark.internal.LogKeys.<clinit>:void() has more than 4000 definitions
[WARN ] Skipping.
[WARN ] org.apache.spark.deploy.SparkSubmit.prepareSubmitEnvironment:scala.Tuple4(org.apache.spark.deploy.SparkSubmitArguments,scala.Option) has more than 4000 definitions
[WARN ] Skipping.
[WARN ] org.sparkproject.io.netty.handler.codec.http2.HpackHuffmanDecoder.<clinit>:void() has more than 4000 definitions
[WARN ] Skipping.
[WARN ] org.apache.spark.deploy.master.ui.ApplicationPage.render:scala.collection.immutable.Seq(jakarta.servlet.http.HttpServletRequest) has more than 4000 definitions
[WARN ] Skipping.
[WARN ] org.apache.spark.deploy.master.ui.EnvironmentPage.render:scala.collection.immutable.Seq(jakarta.servlet.http.HttpServletRequest) has more than 4000 definitions
[WARN ] Skipping.
[WARN ] org.apache.spark.deploy.master.ui.MasterPage.render:scala.collection.immutable.Seq(jakarta.servlet.http.HttpServletRequest) has more than 4000 definitions
[WARN ] Skipping.
[WARN ] com.google.crypto.tink.internal.Ed25519.mulAdd:void(byte[],byte[],byte[],byte[]) has more than 4000 definitions
[WARN ] Skipping.
[WARN ] org.apache.spark.internal.config.package$.<clinit>:void() has more than 4000 definitions
[WARN ] Skipping.
load elapsed_ms           : 682631
graph methods             : 1397339
graph typeDecls           : 119691
graph files               : 45037
[stage] E-selection: entry points (BOUNDARY 4) and the sink
synthetic typeDecls       : 2 matching ^org\.apache\.spark\.deploy\.master\.Master\$\$anonfun\$receiveAndReply\$\d+$
entry points discovered   : 2
entry points traversed    : 2 (cap 16)
entry points truncated    : 0
  entry: org.apache.spark.deploy.master.Master$$anonfun$receiveAndReply$1.applyOrElse:java.lang.Object(java.lang.Object,scala.Function1)  nodes=2 graph_line=409
  entry: org.apache.spark.deploy.master.Master.receiveAndReply:scala.PartialFunction(org.apache.spark.rpc.RpcCallContext)  nodes=2 graph_line=408
calls named start scanned : 1232 (cap 200000, truncated=false)
launch call sites (any host): 52
launch call sites (sink host): 2
  sink: org.apache.spark.deploy.worker.DriverRunner.runCommandWithRetry:int(org.apache.spark.deploy.worker.ProcessBuilderLike,scala.Function1,boolean) -> org.apache.spark.deploy.worker.ProcessBuilderLike.start:java.lang.Process() graph_line=240 dispatch=DYNAMIC_DISPATCH
  sink: org.apache.spark.deploy.worker.ProcessBuilderLike$$anon$3.start:java.lang.Process() -> java.lang.ProcessBuilder.start:java.lang.Process() graph_line=276 dispatch=DYNAMIC_DISPATCH
sink host methods         : org.apache.spark.deploy.worker.DriverRunner.runCommandWithRetry:int(org.apache.spark.deploy.worker.ProcessBuilderLike,scala.Function1,boolean), org.apache.spark.deploy.worker.ProcessBuilderLike$$anon$3.start:java.lang.Process()
[stage] F-predicates: the selector, its bytecode collision, and the constraint
predicate type nodes      : 2
methods on that type      : 252 nodes, 107 distinct names
step 1 broad selector     : aclsEnabled, aclsOn, aclsOn_$eq, checkAdminPermissions, checkModifyPermissions, checkUIViewPermissions, isAuthenticationEnabled
step 2 setters excluded   : aclsOn_$eq
step 2 remaining          : aclsEnabled, aclsOn, checkAdminPermissions, checkModifyPermissions, checkUIViewPermissions, isAuthenticationEnabled
step 3 non-predicate residue dropped: aclsOn
final predicate set       : aclsEnabled, checkAdminPermissions, checkModifyPermissions, checkUIViewPermissions, isAuthenticationEnabled
predicate selector        : PASS (asserted against the graph, not the source)
predicate call sites (graph-wide): 18 in 18 distinct callers
predicate call sites on the route surface (org.apache.spark.deploy.master.Master, org.apache.spark.deploy.rest.StandaloneRestServer, org.apache.spark.deploy.worker.DriverRunner): 0
[stage] G-traversal: two bounded call-graph walks, entry points to the sink
  walk A-follows-fan-out  entry=org.apache.spark.deploy.master.Master$$anonfun$receiveAndReply$1.applyOrElse:java.lang.Object(java.lang.Object,scala.Function1) visited=   27953 depth=12 expansions=   25006
  walk A-follows-fan-out  entry=org.apache.spark.deploy.master.Master.receiveAndReply:scala.PartialFunction(org.apache.spark.rpc.RpcCallContext) visited=       3 depth= 3 expansions=   25009
walk A elapsed_ms         : 568
  walk B-fan-out-recorded entry=org.apache.spark.deploy.master.Master$$anonfun$receiveAndReply$1.applyOrElse:java.lang.Object(java.lang.Object,scala.Function1) visited=    7089 depth=12 expansions=    5595
  walk B-fan-out-recorded entry=org.apache.spark.deploy.master.Master.receiveAndReply:scala.PartialFunction(org.apache.spark.rpc.RpcCallContext) visited=       3 depth= 3 expansions=    5598
walk B elapsed_ms         : 91
walk A-follows-fan-out: routes=0 expansions=25009 call_sites=33565 fanout_seen=86 fanout_not_followed=0 max_depth=12 depth_bound_reached=true budget_exhausted=false route_cap_reached=false
walk B-fan-out-recorded: routes=0 expansions=5598 call_sites=11575 fanout_seen=55 fanout_not_followed=55 max_depth=12 depth_bound_reached=true budget_exhausted=false route_cap_reached=false
distinct routes (both walks, deduplicated): 0
any bound reached         : true
[stage] H-boundaries: each of the four hops, measured against the graph
B1 message producers      : org.apache.spark.deploy.master.Master.launchDriver:void(org.apache.spark.deploy.master.WorkerInfo,org.apache.spark.deploy.master.DriverInfo)
B1 message consumers      : org.apache.spark.deploy.worker.Worker$$anonfun$receive$1.applyOrElse:java.lang.Object(java.lang.Object,scala.Function1)
B1 producer->consumer call edge: false
B2 Thread.start call sites: 1
B2 callees of those sites : org.apache.spark.deploy.worker.DriverRunner$$anon$2.start:void()
B2 thread body methods    : org.apache.spark.deploy.worker.DriverRunner$$anon$2.run:void()
B2 start->run call edge   : false
B3 sink call callees      : java.lang.ProcessBuilder.start:java.lang.Process(), org.apache.spark.deploy.worker.ProcessBuilderLike$$anon$3.start:java.lang.Process(), org.apache.spark.deploy.worker.ProcessBuilderLike.start:java.lang.Process()
B3 concrete implementations reached: java.lang.ProcessBuilder.start:java.lang.Process(), org.apache.spark.deploy.worker.ProcessBuilderLike$$anon$3.start:java.lang.Process()
B3 abstract declarations reached   : org.apache.spark.deploy.worker.ProcessBuilderLike.start:java.lang.Process()
B3 jdk launch method nodes: 1
B3 interface hop crossed  : true
B4 source-level handler call sites : 1
B4 synthetic entry call sites      : 131
B4 handler body reached from the source-level method: false
B4 handler body reached from the synthetic method   : true
boundaries measured       : 4
boundaries NOT crossed    : B1-rpc, B2-thread, B4-partial-function
[stage] I-spurious: the mechanical definition, applied to the emitted set
spurious routes           : 0 of 0
expected-spurious absent  : true
absence basis             : structural - no call site of any of the five named predicates exists on the route surface, so no route could have passed one
[stage] J-records: the returned set, capped and deterministic
records returned          : 4 (4 boundary, 0 route; cap 256, reached=false)
[stage] K-write: the envelope, the prose report and the console log
envelope written          : /tmp/blitzy/blitzy-spark/blitzy-f38258d3-f87d-44f5-bedc-af512c69e0ab-w-036_838df5/queries/joern/results/01-callgraph-unguarded-driver-launch.json (16281 chars)
prose report written      : /tmp/blitzy/blitzy-spark/blitzy-f38258d3-f87d-44f5-bedc-af512c69e0ab-w-036_838df5/queries/joern/results/01-callgraph-unguarded-driver-launch.md (287 lines)
[stage] L-result: the result region, emitted only now that every stage passed
total elapsed_ms          : 685222
---BLITZY-RESULT-BEGIN---
query_id                  : 01-callgraph-unguarded-driver-launch
compile_status            : compiled
run_status                : completed
returned_record_count     : 4
distinct_routes           : 0
spurious_count            : 0
expected_spurious_absent  : true (structural)
bound_value               : 12
bound_reached             : true
entry_points_traversed    : 2
entry_points_truncated    : 0
duplicate_formulation     : not_duplicate
joern_api_constructs      : 28
boundaries_not_crossed    : B1-rpc, B2-thread, B4-partial-function
envelope                  : /tmp/blitzy/blitzy-spark/blitzy-f38258d3-f87d-44f5-bedc-af512c69e0ab-w-036_838df5/queries/joern/results/01-callgraph-unguarded-driver-launch.json
prose report              : /tmp/blitzy/blitzy-spark/blitzy-f38258d3-f87d-44f5-bedc-af512c69e0ab-w-036_838df5/queries/joern/results/01-callgraph-unguarded-driver-launch.md
---BLITZY-RESULT-END---
---BLITZY-OK---
console log written: /tmp/blitzy/blitzy-spark/blitzy-f38258d3-f87d-44f5-bedc-af512c69e0ab-w-036_838df5/harness/artifacts/logs/probe-01-callgraph-unguarded-driver-launch.log

--------------------------------------------------------------------------------
A.2 - stderr, verbatim
--------------------------------------------------------------------------------
Picked up JAVA_TOOL_OPTIONS: -Xmx64g
Picked up JAVA_TOOL_OPTIONS: -Xmx64g
executing /tmp/blitzy/blitzy-spark/blitzy-f38258d3-f87d-44f5-bedc-af512c69e0ab-w-036_838df5/queries/joern/01-callgraph-unguarded-driver-launch.sc
Saving current workspace before changing workspace
Creating project `spark.cpg` for CPG at `/opt/blitzy-harness/cpg/spark.cpg`
Creating working copy of CPG to be safe
Loading base CPG from: /tmp/blitzy/blitzy-spark/blitzy-f38258d3-f87d-44f5-bedc-af512c69e0ab-w-036_838df5/queries/joern/.workspace/spark.cpg/cpg.bin.tmp
Adding default overlays to base CPG
The graph has been modified. You may want to use the `save` command to persist changes to disk.  All changes will also be saved collectively on exit
The graph has been modified. You may want to use the `save` command to persist changes to disk.  All changes will also be saved collectively on exit
closing/saving project `spark.cpg`

================================================================================
APPENDIX B - THE CONSOLE FILE THE QUERY ITSELF WROTE AT THIS PATH, VERBATIM
================================================================================

  The query writes its accumulated console lines to this record's own path at the
  end of its run. That file is reproduced here COMPLETE and unedited, and it is
  what every [APPENDIX B:<n>] citation in PHASE 3 and PHASE 4 refers to: line 1
  below is line 1 of that file.

  122 lines, 9 860 bytes,
  sha256 7ec8d6401217d52da68c680b907ac9a970fa0138053aa87226c5724fcb8a74d1

  It is a subset of APPENDIX A.1 - the query's own printed lines, without joern's
  workspace and overlay chatter interleaved. Both copies are kept because the
  citations index this one while A.1 is what a terminal actually showed.

--------------------------------------------------------------------------------
---BLITZY-START---
[stage] A-paths-and-runtime: repository root, console log target, JDK major and the heap ACTUALLY used
repository root           : /tmp/blitzy/blitzy-spark/blitzy-f38258d3-f87d-44f5-bedc-af512c69e0ab-w-036_838df5 (from HARNESS_REPO_ROOT)
console log target        : /tmp/blitzy/blitzy-spark/blitzy-f38258d3-f87d-44f5-bedc-af512c69e0ab-w-036_838df5/harness/artifacts/logs/probe-01-callgraph-unguarded-driver-launch.log
jdk.specification.version : 21 (required major 21)
java.vm.version           : 21.0.12.1+1-LTS
heap actually used (bytes): 68719476736
heap actually used (GiB)  : 64.000
heap floor (bytes)        : 68719476736
script JVM input args     : -Xmx64g
Joern exposes no --version flag and its REPL blocks on an open stdin, so its
version is read from the startup banner on the console stream, not from a flag.
heap floor                : PASS (measured, not requested)
[stage] B-graph-path: the two names for the graph
graph path source         : HARNESS_CPG
graph path (as used)      : /tmp/blitzy/blitzy-spark/blitzy-f38258d3-f87d-44f5-bedc-af512c69e0ab-w-036_838df5/harness/cpg/spark.cpg
graph path (AAP name)     : /tmp/blitzy/blitzy-spark/blitzy-f38258d3-f87d-44f5-bedc-af512c69e0ab-w-036_838df5/harness/cpg/spark.cpg
[stage] C-identity: the graph's byte size and sha256, symlink-FOLLOWING
named path is a symlink   : true -> /opt/blitzy-harness/cpg/spark.cpg
resolved target           : /opt/blitzy-harness/cpg/spark.cpg
size WITHOUT following    : 33  (recorded to be discarded)
size WITH following       : 541255894  (the measurement of record)
sha256 of the target      : 26d327ccee096aa4c8d67018b32669f2a318331cf873922286774734177fcffc
recorded at write time    : bytes=541255894 sha256=26d327ccee096aa4c8d67018b32669f2a318331cf873922286774734177fcffc
recorded in               : harness/artifacts/logs/cpg-frontend.log
byte size matches         : YES
sha256 matches            : YES
AAP-named path            : same file (equal resolved target)
identity check elapsed_ms : 724
graph identity            : PASS - re-verified immediately before the load
[stage] D-load: switchWorkspace then importCpg
workspace (AAP name)      : queries/joern/.workspace
workspace (resolved)      : /tmp/blitzy/blitzy-spark/blitzy-f38258d3-f87d-44f5-bedc-af512c69e0ab-w-036_838df5/queries/joern/.workspace
loading the graph with importCpg: /opt/blitzy-harness/cpg/spark.cpg
load elapsed_ms           : 682631
graph methods             : 1397339
graph typeDecls           : 119691
graph files               : 45037
[stage] E-selection: entry points (BOUNDARY 4) and the sink
synthetic typeDecls       : 2 matching ^org\.apache\.spark\.deploy\.master\.Master\$\$anonfun\$receiveAndReply\$\d+$
entry points discovered   : 2
entry points traversed    : 2 (cap 16)
entry points truncated    : 0
  entry: org.apache.spark.deploy.master.Master$$anonfun$receiveAndReply$1.applyOrElse:java.lang.Object(java.lang.Object,scala.Function1)  nodes=2 graph_line=409
  entry: org.apache.spark.deploy.master.Master.receiveAndReply:scala.PartialFunction(org.apache.spark.rpc.RpcCallContext)  nodes=2 graph_line=408
calls named start scanned : 1232 (cap 200000, truncated=false)
launch call sites (any host): 52
launch call sites (sink host): 2
  sink: org.apache.spark.deploy.worker.DriverRunner.runCommandWithRetry:int(org.apache.spark.deploy.worker.ProcessBuilderLike,scala.Function1,boolean) -> org.apache.spark.deploy.worker.ProcessBuilderLike.start:java.lang.Process() graph_line=240 dispatch=DYNAMIC_DISPATCH
  sink: org.apache.spark.deploy.worker.ProcessBuilderLike$$anon$3.start:java.lang.Process() -> java.lang.ProcessBuilder.start:java.lang.Process() graph_line=276 dispatch=DYNAMIC_DISPATCH
sink host methods         : org.apache.spark.deploy.worker.DriverRunner.runCommandWithRetry:int(org.apache.spark.deploy.worker.ProcessBuilderLike,scala.Function1,boolean), org.apache.spark.deploy.worker.ProcessBuilderLike$$anon$3.start:java.lang.Process()
[stage] F-predicates: the selector, its bytecode collision, and the constraint
predicate type nodes      : 2
methods on that type      : 252 nodes, 107 distinct names
step 1 broad selector     : aclsEnabled, aclsOn, aclsOn_$eq, checkAdminPermissions, checkModifyPermissions, checkUIViewPermissions, isAuthenticationEnabled
step 2 setters excluded   : aclsOn_$eq
step 2 remaining          : aclsEnabled, aclsOn, checkAdminPermissions, checkModifyPermissions, checkUIViewPermissions, isAuthenticationEnabled
step 3 non-predicate residue dropped: aclsOn
final predicate set       : aclsEnabled, checkAdminPermissions, checkModifyPermissions, checkUIViewPermissions, isAuthenticationEnabled
predicate selector        : PASS (asserted against the graph, not the source)
predicate call sites (graph-wide): 18 in 18 distinct callers
predicate call sites on the route surface (org.apache.spark.deploy.master.Master, org.apache.spark.deploy.rest.StandaloneRestServer, org.apache.spark.deploy.worker.DriverRunner): 0
[stage] G-traversal: two bounded call-graph walks, entry points to the sink
  walk A-follows-fan-out  entry=org.apache.spark.deploy.master.Master$$anonfun$receiveAndReply$1.applyOrElse:java.lang.Object(java.lang.Object,scala.Function1) visited=   27953 depth=12 expansions=   25006
  walk A-follows-fan-out  entry=org.apache.spark.deploy.master.Master.receiveAndReply:scala.PartialFunction(org.apache.spark.rpc.RpcCallContext) visited=       3 depth= 3 expansions=   25009
walk A elapsed_ms         : 568
  walk B-fan-out-recorded entry=org.apache.spark.deploy.master.Master$$anonfun$receiveAndReply$1.applyOrElse:java.lang.Object(java.lang.Object,scala.Function1) visited=    7089 depth=12 expansions=    5595
  walk B-fan-out-recorded entry=org.apache.spark.deploy.master.Master.receiveAndReply:scala.PartialFunction(org.apache.spark.rpc.RpcCallContext) visited=       3 depth= 3 expansions=    5598
walk B elapsed_ms         : 91
walk A-follows-fan-out: routes=0 expansions=25009 call_sites=33565 fanout_seen=86 fanout_not_followed=0 max_depth=12 depth_bound_reached=true budget_exhausted=false route_cap_reached=false
walk B-fan-out-recorded: routes=0 expansions=5598 call_sites=11575 fanout_seen=55 fanout_not_followed=55 max_depth=12 depth_bound_reached=true budget_exhausted=false route_cap_reached=false
distinct routes (both walks, deduplicated): 0
any bound reached         : true
[stage] H-boundaries: each of the four hops, measured against the graph
B1 message producers      : org.apache.spark.deploy.master.Master.launchDriver:void(org.apache.spark.deploy.master.WorkerInfo,org.apache.spark.deploy.master.DriverInfo)
B1 message consumers      : org.apache.spark.deploy.worker.Worker$$anonfun$receive$1.applyOrElse:java.lang.Object(java.lang.Object,scala.Function1)
B1 producer->consumer call edge: false
B2 Thread.start call sites: 1
B2 callees of those sites : org.apache.spark.deploy.worker.DriverRunner$$anon$2.start:void()
B2 thread body methods    : org.apache.spark.deploy.worker.DriverRunner$$anon$2.run:void()
B2 start->run call edge   : false
B3 sink call callees      : java.lang.ProcessBuilder.start:java.lang.Process(), org.apache.spark.deploy.worker.ProcessBuilderLike$$anon$3.start:java.lang.Process(), org.apache.spark.deploy.worker.ProcessBuilderLike.start:java.lang.Process()
B3 concrete implementations reached: java.lang.ProcessBuilder.start:java.lang.Process(), org.apache.spark.deploy.worker.ProcessBuilderLike$$anon$3.start:java.lang.Process()
B3 abstract declarations reached   : org.apache.spark.deploy.worker.ProcessBuilderLike.start:java.lang.Process()
B3 jdk launch method nodes: 1
B3 interface hop crossed  : true
B4 source-level handler call sites : 1
B4 synthetic entry call sites      : 131
B4 handler body reached from the source-level method: false
B4 handler body reached from the synthetic method   : true
boundaries measured       : 4
boundaries NOT crossed    : B1-rpc, B2-thread, B4-partial-function
[stage] I-spurious: the mechanical definition, applied to the emitted set
spurious routes           : 0 of 0
expected-spurious absent  : true
absence basis             : structural - no call site of any of the five named predicates exists on the route surface, so no route could have passed one
[stage] J-records: the returned set, capped and deterministic
records returned          : 4 (4 boundary, 0 route; cap 256, reached=false)
[stage] K-write: the envelope, the prose report and the console log
envelope written          : /tmp/blitzy/blitzy-spark/blitzy-f38258d3-f87d-44f5-bedc-af512c69e0ab-w-036_838df5/queries/joern/results/01-callgraph-unguarded-driver-launch.json (16281 chars)
prose report written      : /tmp/blitzy/blitzy-spark/blitzy-f38258d3-f87d-44f5-bedc-af512c69e0ab-w-036_838df5/queries/joern/results/01-callgraph-unguarded-driver-launch.md (287 lines)
[stage] L-result: the result region, emitted only now that every stage passed
total elapsed_ms          : 685222
---BLITZY-RESULT-BEGIN---
query_id                  : 01-callgraph-unguarded-driver-launch
compile_status            : compiled
run_status                : completed
returned_record_count     : 4
distinct_routes           : 0
spurious_count            : 0
expected_spurious_absent  : true (structural)
bound_value               : 12
bound_reached             : true
entry_points_traversed    : 2
entry_points_truncated    : 0
duplicate_formulation     : not_duplicate
joern_api_constructs      : 28
boundaries_not_crossed    : B1-rpc, B2-thread, B4-partial-function
envelope                  : /tmp/blitzy/blitzy-spark/blitzy-f38258d3-f87d-44f5-bedc-af512c69e0ab-w-036_838df5/queries/joern/results/01-callgraph-unguarded-driver-launch.json
prose report              : /tmp/blitzy/blitzy-spark/blitzy-f38258d3-f87d-44f5-bedc-af512c69e0ab-w-036_838df5/queries/joern/results/01-callgraph-unguarded-driver-launch.md
---BLITZY-RESULT-END---
---BLITZY-OK---

================================================================================
END OF harness/artifacts/logs/probe-01-callgraph-unguarded-driver-launch.log
================================================================================
